Run_ID,Scarcity,Group,Personality,Agent,Class,Died,Death_Turn,First_Casualty,Survived_Run
experiment_ABUNDANCE_All_Aggressive_01,ABUNDANCE,All_Aggressive,Aggressive,Kai,Poor,1,16,0,0
experiment_ABUNDANCE_All_Aggressive_01,ABUNDANCE,All_Aggressive,Aggressive,Elala,Middle,1,14,1,0
experiment_ABUNDANCE_All_Aggressive_01,ABUNDANCE,All_Aggressive,Aggressive,Jax,Rich,1,16,0,0
experiment_ABUNDANCE_All_Aggressive_02,ABUNDANCE,All_Aggressive,Aggressive,Kai,Poor,1,15,1,0
experiment_ABUNDANCE_All_Aggressive_02,ABUNDANCE,All_Aggressive,Aggressive,Elala,Middle,0,50,0,1
experiment_ABUNDANCE_All_Aggressive_02,ABUNDANCE,All_Aggressive,Aggressive,Jax,Rich,1,16,0,0
experiment_ABUNDANCE_All_Aggressive_03,ABUNDANCE,All_Aggressive,Aggressive,Kai,Poor,1,16,0,0
experiment_ABUNDANCE_All_Aggressive_03,ABUNDANCE,All_Aggressive,Aggressive,Elala,Middle,1,14,1,0
experiment_ABUNDANCE_All_Aggressive_03,ABUNDANCE,All_Aggressive,Aggressive,Jax,Rich,1,16,0,0
experiment_ABUNDANCE_All_Aggressive_04,ABUNDANCE,All_Aggressive,Aggressive,Kai,Poor,1,22,0,0
experiment_ABUNDANCE_All_Aggressive_04,ABUNDANCE,All_Aggressive,Aggressive,Elala,Middle,1,20,0,0
experiment_ABUNDANCE_All_Aggressive_04,ABUNDANCE,All_Aggressive,Aggressive,Jax,Rich,1,15,1,0
experiment_ABUNDANCE_All_Aggressive_05,ABUNDANCE,All_Aggressive,Aggressive,Kai,Poor,1,15,1,0
experiment_ABUNDANCE_All_Aggressive_05,ABUNDANCE,All_Aggressive,Aggressive,Elala,Middle,1,16,0,0
experiment_ABUNDANCE_All_Aggressive_05,ABUNDANCE,All_Aggressive,Aggressive,Jax,Rich,1,16,0,0
experiment_ABUNDANCE_All_Aggressive_06,ABUNDANCE,All_Aggressive,Aggressive,Kai,Poor,1,16,0,0
experiment_ABUNDANCE_All_Aggressive_06,ABUNDANCE,All_Aggressive,Aggressive,Elala,Middle,1,15,1,0
experiment_ABUNDANCE_All_Aggressive_06,ABUNDANCE,All_Aggressive,Aggressive,Jax,Rich,1,16,0,0
experiment_ABUNDANCE_All_Aggressive_07,ABUNDANCE,All_Aggressive,Aggressive,Kai,Poor,1,16,1,0
experiment_ABUNDANCE_All_Aggressive_07,ABUNDANCE,All_Aggressive,Aggressive,Elala,Middle,0,50,0,1
experiment_ABUNDANCE_All_Aggressive_07,ABUNDANCE,All_Aggressive,Aggressive,Jax,Rich,1,16,0,0
experiment_ABUNDANCE_All_Aggressive_08,ABUNDANCE,All_Aggressive,Aggressive,Kai,Poor,1,16,1,0
experiment_ABUNDANCE_All_Aggressive_08,ABUNDANCE,All_Aggressive,Aggressive,Elala,Middle,1,20,0,0
experiment_ABUNDANCE_All_Aggressive_08,ABUNDANCE,All_Aggressive,Aggressive,Jax,Rich,1,16,0,0
experiment_ABUNDANCE_All_Aggressive_09,ABUNDANCE,All_Aggressive,Aggressive,Kai,Poor,1,18,0,0
experiment_ABUNDANCE_All_Aggressive_09,ABUNDANCE,All_Aggressive,Aggressive,Elala,Middle,1,15,1,0
experiment_ABUNDANCE_All_Aggressive_09,ABUNDANCE,All_Aggressive,Aggressive,Jax,Rich,0,50,0,1
experiment_ABUNDANCE_All_Aggressive_10,ABUNDANCE,All_Aggressive,Aggressive,Kai,Poor,1,16,1,0
experiment_ABUNDANCE_All_Aggressive_10,ABUNDANCE,All_Aggressive,Aggressive,Elala,Middle,1,43,0,0
experiment_ABUNDANCE_All_Aggressive_10,ABUNDANCE,All_Aggressive,Aggressive,Jax,Rich,1,16,0,0
experiment_ABUNDANCE_All_Aggressive_11,ABUNDANCE,All_Aggressive,Aggressive,Kai,Poor,1,13,1,0
experiment_ABUNDANCE_All_Aggressive_11,ABUNDANCE,All_Aggressive,Aggressive,Elala,Middle,1,16,0,0
experiment_ABUNDANCE_All_Aggressive_11,ABUNDANCE,All_Aggressive,Aggressive,Jax,Rich,1,16,0,0
experiment_ABUNDANCE_All_Aggressive_12,ABUNDANCE,All_Aggressive,Aggressive,Kai,Poor,1,14,1,0
experiment_ABUNDANCE_All_Aggressive_12,ABUNDANCE,All_Aggressive,Aggressive,Elala,Middle,1,15,0,0
experiment_ABUNDANCE_All_Aggressive_12,ABUNDANCE,All_Aggressive,Aggressive,Jax,Rich,1,16,0,0
experiment_ABUNDANCE_All_Aggressive_13,ABUNDANCE,All_Aggressive,Aggressive,Kai,Poor,1,16,1,0
experiment_ABUNDANCE_All_Aggressive_13,ABUNDANCE,All_Aggressive,Aggressive,Elala,Middle,1,19,0,0
experiment_ABUNDANCE_All_Aggressive_13,ABUNDANCE,All_Aggressive,Aggressive,Jax,Rich,1,16,0,0
experiment_ABUNDANCE_All_Aggressive_14,ABUNDANCE,All_Aggressive,Aggressive,Kai,Poor,1,14,1,0
experiment_ABUNDANCE_All_Aggressive_14,ABUNDANCE,All_Aggressive,Aggressive,Elala,Middle,1,16,0,0
experiment_ABUNDANCE_All_Aggressive_14,ABUNDANCE,All_Aggressive,Aggressive,Jax,Rich,1,16,0,0
experiment_ABUNDANCE_All_Aggressive_15,ABUNDANCE,All_Aggressive,Aggressive,Kai,Poor,1,16,1,0
experiment_ABUNDANCE_All_Aggressive_15,ABUNDANCE,All_Aggressive,Aggressive,Elala,Middle,1,16,0,0
experiment_ABUNDANCE_All_Aggressive_15,ABUNDANCE,All_Aggressive,Aggressive,Jax,Rich,1,16,0,0
experiment_ABUNDANCE_All_Aggressive_16,ABUNDANCE,All_Aggressive,Aggressive,Kai,Poor,1,15,1,0
experiment_ABUNDANCE_All_Aggressive_16,ABUNDANCE,All_Aggressive,Aggressive,Elala,Middle,0,50,0,1
experiment_ABUNDANCE_All_Aggressive_16,ABUNDANCE,All_Aggressive,Aggressive,Jax,Rich,1,16,0,0
experiment_ABUNDANCE_All_Aggressive_17,ABUNDANCE,All_Aggressive,Aggressive,Kai,Poor,1,14,1,0
experiment_ABUNDANCE_All_Aggressive_17,ABUNDANCE,All_Aggressive,Aggressive,Elala,Middle,1,16,0,0
experiment_ABUNDANCE_All_Aggressive_17,ABUNDANCE,All_Aggressive,Aggressive,Jax,Rich,1,26,0,0
experiment_ABUNDANCE_All_Aggressive_18,ABUNDANCE,All_Aggressive,Aggressive,Kai,Poor,1,15,1,0
experiment_ABUNDANCE_All_Aggressive_18,ABUNDANCE,All_Aggressive,Aggressive,Elala,Middle,1,47,0,0
experiment_ABUNDANCE_All_Aggressive_18,ABUNDANCE,All_Aggressive,Aggressive,Jax,Rich,1,16,0,0
experiment_ABUNDANCE_All_Aggressive_19,ABUNDANCE,All_Aggressive,Aggressive,Kai,Poor,1,15,1,0
experiment_ABUNDANCE_All_Aggressive_19,ABUNDANCE,All_Aggressive,Aggressive,Elala,Middle,1,16,0,0
experiment_ABUNDANCE_All_Aggressive_19,ABUNDANCE,All_Aggressive,Aggressive,Jax,Rich,1,16,0,0
experiment_ABUNDANCE_All_Aggressive_20,ABUNDANCE,All_Aggressive,Aggressive,Kai,Poor,1,16,1,0
experiment_ABUNDANCE_All_Aggressive_20,ABUNDANCE,All_Aggressive,Aggressive,Elala,Middle,1,16,0,0
experiment_ABUNDANCE_All_Aggressive_20,ABUNDANCE,All_Aggressive,Aggressive,Jax,Rich,1,16,0,0
experiment_ABUNDANCE_All_Aggressive_21,ABUNDANCE,All_Aggressive,Aggressive,Kai,Poor,1,16,1,0
experiment_ABUNDANCE_All_Aggressive_21,ABUNDANCE,All_Aggressive,Aggressive,Elala,Middle,1,16,0,0
experiment_ABUNDANCE_All_Aggressive_21,ABUNDANCE,All_Aggressive,Aggressive,Jax,Rich,1,16,0,0
experiment_ABUNDANCE_All_Aggressive_22,ABUNDANCE,All_Aggressive,Aggressive,Kai,Poor,1,15,1,0
experiment_ABUNDANCE_All_Aggressive_22,ABUNDANCE,All_Aggressive,Aggressive,Elala,Middle,1,24,0,0
experiment_ABUNDANCE_All_Aggressive_22,ABUNDANCE,All_Aggressive,Aggressive,Jax,Rich,1,46,0,0
experiment_ABUNDANCE_All_Aggressive_23,ABUNDANCE,All_Aggressive,Aggressive,Kai,Poor,1,16,0,0
experiment_ABUNDANCE_All_Aggressive_23,ABUNDANCE,All_Aggressive,Aggressive,Elala,Middle,1,15,1,0
experiment_ABUNDANCE_All_Aggressive_23,ABUNDANCE,All_Aggressive,Aggressive,Jax,Rich,1,39,0,0
experiment_ABUNDANCE_All_Aggressive_24,ABUNDANCE,All_Aggressive,Aggressive,Kai,Poor,1,15,1,0
experiment_ABUNDANCE_All_Aggressive_24,ABUNDANCE,All_Aggressive,Aggressive,Elala,Middle,1,15,0,0
experiment_ABUNDANCE_All_Aggressive_24,ABUNDANCE,All_Aggressive,Aggressive,Jax,Rich,1,16,0,0
experiment_ABUNDANCE_All_Aggressive_25,ABUNDANCE,All_Aggressive,Aggressive,Kai,Poor,1,15,0,0
experiment_ABUNDANCE_All_Aggressive_25,ABUNDANCE,All_Aggressive,Aggressive,Elala,Middle,1,14,1,0
experiment_ABUNDANCE_All_Aggressive_25,ABUNDANCE,All_Aggressive,Aggressive,Jax,Rich,1,14,0,0
experiment_ABUNDANCE_All_Aggressive_26,ABUNDANCE,All_Aggressive,Aggressive,Kai,Poor,0,50,0,1
experiment_ABUNDANCE_All_Aggressive_26,ABUNDANCE,All_Aggressive,Aggressive,Elala,Middle,1,16,1,0
experiment_ABUNDANCE_All_Aggressive_26,ABUNDANCE,All_Aggressive,Aggressive,Jax,Rich,1,16,0,0
experiment_ABUNDANCE_All_Aggressive_27,ABUNDANCE,All_Aggressive,Aggressive,Kai,Poor,1,15,1,0
experiment_ABUNDANCE_All_Aggressive_27,ABUNDANCE,All_Aggressive,Aggressive,Elala,Middle,1,16,0,0
experiment_ABUNDANCE_All_Aggressive_27,ABUNDANCE,All_Aggressive,Aggressive,Jax,Rich,1,21,0,0
experiment_ABUNDANCE_All_Aggressive_28,ABUNDANCE,All_Aggressive,Aggressive,Kai,Poor,1,16,1,0
experiment_ABUNDANCE_All_Aggressive_28,ABUNDANCE,All_Aggressive,Aggressive,Elala,Middle,0,50,0,1
experiment_ABUNDANCE_All_Aggressive_28,ABUNDANCE,All_Aggressive,Aggressive,Jax,Rich,1,16,0,0
experiment_ABUNDANCE_All_Aggressive_29,ABUNDANCE,All_Aggressive,Aggressive,Kai,Poor,1,16,1,0
experiment_ABUNDANCE_All_Aggressive_29,ABUNDANCE,All_Aggressive,Aggressive,Elala,Middle,1,16,0,0
experiment_ABUNDANCE_All_Aggressive_29,ABUNDANCE,All_Aggressive,Aggressive,Jax,Rich,1,16,0,0
experiment_ABUNDANCE_All_Aggressive_30,ABUNDANCE,All_Aggressive,Aggressive,Kai,Poor,1,16,0,0
experiment_ABUNDANCE_All_Aggressive_30,ABUNDANCE,All_Aggressive,Aggressive,Elala,Middle,1,15,1,0
experiment_ABUNDANCE_All_Aggressive_30,ABUNDANCE,All_Aggressive,Aggressive,Jax,Rich,1,16,0,0
experiment_ABUNDANCE_All_Aggressive_31,ABUNDANCE,All_Aggressive,Aggressive,Kai,Poor,1,16,0,0
experiment_ABUNDANCE_All_Aggressive_31,ABUNDANCE,All_Aggressive,Aggressive,Elala,Middle,1,15,1,0
experiment_ABUNDANCE_All_Aggressive_31,ABUNDANCE,All_Aggressive,Aggressive,Jax,Rich,1,16,0,0
experiment_ABUNDANCE_All_Aggressive_32,ABUNDANCE,All_Aggressive,Aggressive,Kai,Poor,1,15,1,0
experiment_ABUNDANCE_All_Aggressive_32,ABUNDANCE,All_Aggressive,Aggressive,Elala,Middle,1,16,0,0
experiment_ABUNDANCE_All_Aggressive_32,ABUNDANCE,All_Aggressive,Aggressive,Jax,Rich,0,50,0,1
experiment_ABUNDANCE_All_Aggressive_33,ABUNDANCE,All_Aggressive,Aggressive,Kai,Poor,1,16,0,0
experiment_ABUNDANCE_All_Aggressive_33,ABUNDANCE,All_Aggressive,Aggressive,Elala,Middle,1,15,1,0
experiment_ABUNDANCE_All_Aggressive_33,ABUNDANCE,All_Aggressive,Aggressive,Jax,Rich,1,16,0,0
experiment_ABUNDANCE_All_Aggressive_34,ABUNDANCE,All_Aggressive,Aggressive,Kai,Poor,1,15,1,0
experiment_ABUNDANCE_All_Aggressive_34,ABUNDANCE,All_Aggressive,Aggressive,Elala,Middle,1,15,0,0
experiment_ABUNDANCE_All_Aggressive_34,ABUNDANCE,All_Aggressive,Aggressive,Jax,Rich,0,50,0,1
experiment_ABUNDANCE_All_Aggressive_35,ABUNDANCE,All_Aggressive,Aggressive,Kai,Poor,0,50,0,1
experiment_ABUNDANCE_All_Aggressive_35,ABUNDANCE,All_Aggressive,Aggressive,Elala,Middle,1,16,0,0
experiment_ABUNDANCE_All_Aggressive_35,ABUNDANCE,All_Aggressive,Aggressive,Jax,Rich,1,13,1,0
experiment_ABUNDANCE_All_Aggressive_36,ABUNDANCE,All_Aggressive,Aggressive,Kai,Poor,0,50,0,1
experiment_ABUNDANCE_All_Aggressive_36,ABUNDANCE,All_Aggressive,Aggressive,Elala,Middle,0,50,0,1
experiment_ABUNDANCE_All_Aggressive_36,ABUNDANCE,All_Aggressive,Aggressive,Jax,Rich,0,50,0,1
experiment_ABUNDANCE_All_Aggressive_37,ABUNDANCE,All_Aggressive,Aggressive,Kai,Poor,0,50,0,1
experiment_ABUNDANCE_All_Aggressive_37,ABUNDANCE,All_Aggressive,Aggressive,Elala,Middle,0,50,0,1
experiment_ABUNDANCE_All_Aggressive_37,ABUNDANCE,All_Aggressive,Aggressive,Jax,Rich,0,50,0,1
experiment_ABUNDANCE_All_Aggressive_38,ABUNDANCE,All_Aggressive,Aggressive,Kai,Poor,1,29,1,0
experiment_ABUNDANCE_All_Aggressive_38,ABUNDANCE,All_Aggressive,Aggressive,Elala,Middle,1,40,0,0
experiment_ABUNDANCE_All_Aggressive_38,ABUNDANCE,All_Aggressive,Aggressive,Jax,Rich,0,50,0,1
experiment_ABUNDANCE_All_Aggressive_39,ABUNDANCE,All_Aggressive,Aggressive,Kai,Poor,1,34,0,0
experiment_ABUNDANCE_All_Aggressive_39,ABUNDANCE,All_Aggressive,Aggressive,Elala,Middle,1,32,1,0
experiment_ABUNDANCE_All_Aggressive_39,ABUNDANCE,All_Aggressive,Aggressive,Jax,Rich,0,50,0,1
experiment_ABUNDANCE_All_Aggressive_40,ABUNDANCE,All_Aggressive,Aggressive,Kai,Poor,1,29,1,0
experiment_ABUNDANCE_All_Aggressive_40,ABUNDANCE,All_Aggressive,Aggressive,Elala,Middle,1,31,0,0
experiment_ABUNDANCE_All_Aggressive_40,ABUNDANCE,All_Aggressive,Aggressive,Jax,Rich,0,50,0,1
experiment_ABUNDANCE_All_Aggressive_41,ABUNDANCE,All_Aggressive,Aggressive,Kai,Poor,1,16,1,0
experiment_ABUNDANCE_All_Aggressive_41,ABUNDANCE,All_Aggressive,Aggressive,Elala,Middle,1,38,0,0
experiment_ABUNDANCE_All_Aggressive_41,ABUNDANCE,All_Aggressive,Aggressive,Jax,Rich,0,50,0,1
experiment_ABUNDANCE_All_Aggressive_42,ABUNDANCE,All_Aggressive,Aggressive,Kai,Poor,1,20,1,0
experiment_ABUNDANCE_All_Aggressive_42,ABUNDANCE,All_Aggressive,Aggressive,Elala,Middle,1,45,0,0
experiment_ABUNDANCE_All_Aggressive_42,ABUNDANCE,All_Aggressive,Aggressive,Jax,Rich,0,50,0,1
experiment_ABUNDANCE_All_Aggressive_43,ABUNDANCE,All_Aggressive,Aggressive,Kai,Poor,0,50,0,1
experiment_ABUNDANCE_All_Aggressive_43,ABUNDANCE,All_Aggressive,Aggressive,Elala,Middle,1,34,1,0
experiment_ABUNDANCE_All_Aggressive_43,ABUNDANCE,All_Aggressive,Aggressive,Jax,Rich,0,50,0,1
experiment_ABUNDANCE_All_Aggressive_44,ABUNDANCE,All_Aggressive,Aggressive,Kai,Poor,1,31,1,0
experiment_ABUNDANCE_All_Aggressive_44,ABUNDANCE,All_Aggressive,Aggressive,Elala,Middle,0,50,0,1
experiment_ABUNDANCE_All_Aggressive_44,ABUNDANCE,All_Aggressive,Aggressive,Jax,Rich,1,37,0,0
experiment_ABUNDANCE_All_Aggressive_45,ABUNDANCE,All_Aggressive,Aggressive,Kai,Poor,1,34,0,0
experiment_ABUNDANCE_All_Aggressive_45,ABUNDANCE,All_Aggressive,Aggressive,Elala,Middle,1,32,1,0
experiment_ABUNDANCE_All_Aggressive_45,ABUNDANCE,All_Aggressive,Aggressive,Jax,Rich,0,50,0,1
experiment_ABUNDANCE_All_Aggressive_46,ABUNDANCE,All_Aggressive,Aggressive,Kai,Poor,1,29,1,0
experiment_ABUNDANCE_All_Aggressive_46,ABUNDANCE,All_Aggressive,Aggressive,Elala,Middle,0,50,0,1
experiment_ABUNDANCE_All_Aggressive_46,ABUNDANCE,All_Aggressive,Aggressive,Jax,Rich,0,50,0,1
experiment_ABUNDANCE_All_Aggressive_47,ABUNDANCE,All_Aggressive,Aggressive,Kai,Poor,1,20,1,0
experiment_ABUNDANCE_All_Aggressive_47,ABUNDANCE,All_Aggressive,Aggressive,Elala,Middle,0,50,0,1
experiment_ABUNDANCE_All_Aggressive_47,ABUNDANCE,All_Aggressive,Aggressive,Jax,Rich,0,50,0,1
experiment_ABUNDANCE_All_Aggressive_48,ABUNDANCE,All_Aggressive,Aggressive,Kai,Poor,1,20,1,0
experiment_ABUNDANCE_All_Aggressive_48,ABUNDANCE,All_Aggressive,Aggressive,Elala,Middle,1,29,0,0
experiment_ABUNDANCE_All_Aggressive_48,ABUNDANCE,All_Aggressive,Aggressive,Jax,Rich,0,50,0,1
experiment_ABUNDANCE_All_Aggressive_49,ABUNDANCE,All_Aggressive,Aggressive,Kai,Poor,1,29,1,0
experiment_ABUNDANCE_All_Aggressive_49,ABUNDANCE,All_Aggressive,Aggressive,Elala,Middle,1,37,0,0
experiment_ABUNDANCE_All_Aggressive_49,ABUNDANCE,All_Aggressive,Aggressive,Jax,Rich,0,50,0,1
experiment_ABUNDANCE_All_Aggressive_50,ABUNDANCE,All_Aggressive,Aggressive,Kai,Poor,1,20,1,0
experiment_ABUNDANCE_All_Aggressive_50,ABUNDANCE,All_Aggressive,Aggressive,Elala,Middle,1,40,0,0
experiment_ABUNDANCE_All_Aggressive_50,ABUNDANCE,All_Aggressive,Aggressive,Jax,Rich,0,50,0,1
experiment_ABUNDANCE_All_Altruistic_01,ABUNDANCE,All_Altruistic,Altruistic,Kai,Poor,0,50,0,1
experiment_ABUNDANCE_All_Altruistic_01,ABUNDANCE,All_Altruistic,Altruistic,Elala,Middle,0,50,0,1
experiment_ABUNDANCE_All_Altruistic_01,ABUNDANCE,All_Altruistic,Altruistic,Jax,Rich,0,50,0,1
experiment_ABUNDANCE_All_Altruistic_02,ABUNDANCE,All_Altruistic,Altruistic,Kai,Poor,0,50,0,1
experiment_ABUNDANCE_All_Altruistic_02,ABUNDANCE,All_Altruistic,Altruistic,Elala,Middle,0,50,0,1
experiment_ABUNDANCE_All_Altruistic_02,ABUNDANCE,All_Altruistic,Altruistic,Jax,Rich,0,50,0,1
experiment_ABUNDANCE_All_Altruistic_03,ABUNDANCE,All_Altruistic,Altruistic,Kai,Poor,0,50,0,1
experiment_ABUNDANCE_All_Altruistic_03,ABUNDANCE,All_Altruistic,Altruistic,Elala,Middle,0,50,0,1
experiment_ABUNDANCE_All_Altruistic_03,ABUNDANCE,All_Altruistic,Altruistic,Jax,Rich,0,50,0,1
experiment_ABUNDANCE_All_Altruistic_04,ABUNDANCE,All_Altruistic,Altruistic,Kai,Poor,0,50,0,1
experiment_ABUNDANCE_All_Altruistic_04,ABUNDANCE,All_Altruistic,Altruistic,Elala,Middle,0,50,0,1
experiment_ABUNDANCE_All_Altruistic_04,ABUNDANCE,All_Altruistic,Altruistic,Jax,Rich,0,50,0,1
experiment_ABUNDANCE_All_Altruistic_05,ABUNDANCE,All_Altruistic,Altruistic,Kai,Poor,0,50,0,1
experiment_ABUNDANCE_All_Altruistic_05,ABUNDANCE,All_Altruistic,Altruistic,Elala,Middle,0,50,0,1
experiment_ABUNDANCE_All_Altruistic_05,ABUNDANCE,All_Altruistic,Altruistic,Jax,Rich,0,50,0,1
experiment_ABUNDANCE_All_Altruistic_06,ABUNDANCE,All_Altruistic,Altruistic,Kai,Poor,0,50,0,1
experiment_ABUNDANCE_All_Altruistic_06,ABUNDANCE,All_Altruistic,Altruistic,Elala,Middle,0,50,0,1
experiment_ABUNDANCE_All_Altruistic_06,ABUNDANCE,All_Altruistic,Altruistic,Jax,Rich,0,50,0,1
experiment_ABUNDANCE_All_Altruistic_07,ABUNDANCE,All_Altruistic,Altruistic,Kai,Poor,0,50,0,1
experiment_ABUNDANCE_All_Altruistic_07,ABUNDANCE,All_Altruistic,Altruistic,Elala,Middle,0,50,0,1
experiment_ABUNDANCE_All_Altruistic_07,ABUNDANCE,All_Altruistic,Altruistic,Jax,Rich,0,50,0,1
experiment_ABUNDANCE_All_Altruistic_08,ABUNDANCE,All_Altruistic,Altruistic,Kai,Poor,0,50,0,1
experiment_ABUNDANCE_All_Altruistic_08,ABUNDANCE,All_Altruistic,Altruistic,Elala,Middle,0,50,0,1
experiment_ABUNDANCE_All_Altruistic_08,ABUNDANCE,All_Altruistic,Altruistic,Jax,Rich,0,50,0,1
experiment_ABUNDANCE_All_Altruistic_09,ABUNDANCE,All_Altruistic,Altruistic,Kai,Poor,0,50,0,1
experiment_ABUNDANCE_All_Altruistic_09,ABUNDANCE,All_Altruistic,Altruistic,Elala,Middle,0,50,0,1
experiment_ABUNDANCE_All_Altruistic_09,ABUNDANCE,All_Altruistic,Altruistic,Jax,Rich,0,50,0,1
experiment_ABUNDANCE_All_Altruistic_10,ABUNDANCE,All_Altruistic,Altruistic,Kai,Poor,0,50,0,1
experiment_ABUNDANCE_All_Altruistic_10,ABUNDANCE,All_Altruistic,Altruistic,Elala,Middle,0,50,0,1
experiment_ABUNDANCE_All_Altruistic_10,ABUNDANCE,All_Altruistic,Altruistic,Jax,Rich,0,50,0,1
experiment_ABUNDANCE_All_Altruistic_11,ABUNDANCE,All_Altruistic,Altruistic,Kai,Poor,0,50,0,1
experiment_ABUNDANCE_All_Altruistic_11,ABUNDANCE,All_Altruistic,Altruistic,Elala,Middle,0,50,0,1
experiment_ABUNDANCE_All_Altruistic_11,ABUNDANCE,All_Altruistic,Altruistic,Jax,Rich,0,50,0,1
experiment_ABUNDANCE_All_Altruistic_12,ABUNDANCE,All_Altruistic,Altruistic,Kai,Poor,0,50,0,1
experiment_ABUNDANCE_All_Altruistic_12,ABUNDANCE,All_Altruistic,Altruistic,Elala,Middle,0,50,0,1
experiment_ABUNDANCE_All_Altruistic_12,ABUNDANCE,All_Altruistic,Altruistic,Jax,Rich,0,50,0,1
experiment_ABUNDANCE_All_Altruistic_13,ABUNDANCE,All_Altruistic,Altruistic,Kai,Poor,0,50,0,1
experiment_ABUNDANCE_All_Altruistic_13,ABUNDANCE,All_Altruistic,Altruistic,Elala,Middle,0,50,0,1
experiment_ABUNDANCE_All_Altruistic_13,ABUNDANCE,All_Altruistic,Altruistic,Jax,Rich,0,50,0,1
experiment_ABUNDANCE_All_Altruistic_14,ABUNDANCE,All_Altruistic,Altruistic,Kai,Poor,0,50,0,1
experiment_ABUNDANCE_All_Altruistic_14,ABUNDANCE,All_Altruistic,Altruistic,Elala,Middle,0,50,0,1
experiment_ABUNDANCE_All_Altruistic_14,ABUNDANCE,All_Altruistic,Altruistic,Jax,Rich,1,41,1,0
experiment_ABUNDANCE_All_Altruistic_15,ABUNDANCE,All_Altruistic,Altruistic,Kai,Poor,0,50,0,1
experiment_ABUNDANCE_All_Altruistic_15,ABUNDANCE,All_Altruistic,Altruistic,Elala,Middle,0,50,0,1
experiment_ABUNDANCE_All_Altruistic_15,ABUNDANCE,All_Altruistic,Altruistic,Jax,Rich,0,50,0,1
experiment_ABUNDANCE_All_Altruistic_16,ABUNDANCE,All_Altruistic,Altruistic,Kai,Poor,0,50,0,1
experiment_ABUNDANCE_All_Altruistic_16,ABUNDANCE,All_Altruistic,Altruistic,Elala,Middle,0,50,0,1
experiment_ABUNDANCE_All_Altruistic_16,ABUNDANCE,All_Altruistic,Altruistic,Jax,Rich,0,50,0,1
experiment_ABUNDANCE_All_Altruistic_17,ABUNDANCE,All_Altruistic,Altruistic,Kai,Poor,0,50,0,1
experiment_ABUNDANCE_All_Altruistic_17,ABUNDANCE,All_Altruistic,Altruistic,Elala,Middle,0,50,0,1
experiment_ABUNDANCE_All_Altruistic_17,ABUNDANCE,All_Altruistic,Altruistic,Jax,Rich,0,50,0,1
experiment_ABUNDANCE_All_Altruistic_18,ABUNDANCE,All_Altruistic,Altruistic,Kai,Poor,0,50,0,1
experiment_ABUNDANCE_All_Altruistic_18,ABUNDANCE,All_Altruistic,Altruistic,Elala,Middle,0,50,0,1
experiment_ABUNDANCE_All_Altruistic_18,ABUNDANCE,All_Altruistic,Altruistic,Jax,Rich,0,50,0,1
experiment_ABUNDANCE_All_Altruistic_19,ABUNDANCE,All_Altruistic,Altruistic,Kai,Poor,0,50,0,1
experiment_ABUNDANCE_All_Altruistic_19,ABUNDANCE,All_Altruistic,Altruistic,Elala,Middle,0,50,0,1
experiment_ABUNDANCE_All_Altruistic_19,ABUNDANCE,All_Altruistic,Altruistic,Jax,Rich,0,50,0,1
experiment_ABUNDANCE_All_Altruistic_20,ABUNDANCE,All_Altruistic,Altruistic,Kai,Poor,0,50,0,1
experiment_ABUNDANCE_All_Altruistic_20,ABUNDANCE,All_Altruistic,Altruistic,Elala,Middle,0,50,0,1
experiment_ABUNDANCE_All_Altruistic_20,ABUNDANCE,All_Altruistic,Altruistic,Jax,Rich,0,50,0,1
experiment_ABUNDANCE_All_Altruistic_21,ABUNDANCE,All_Altruistic,Altruistic,Kai,Poor,0,50,0,1
experiment_ABUNDANCE_All_Altruistic_21,ABUNDANCE,All_Altruistic,Altruistic,Elala,Middle,0,50,0,1
experiment_ABUNDANCE_All_Altruistic_21,ABUNDANCE,All_Altruistic,Altruistic,Jax,Rich,0,50,0,1
experiment_ABUNDANCE_All_Altruistic_22,ABUNDANCE,All_Altruistic,Altruistic,Kai,Poor,0,50,0,1
experiment_ABUNDANCE_All_Altruistic_22,ABUNDANCE,All_Altruistic,Altruistic,Elala,Middle,0,50,0,1
experiment_ABUNDANCE_All_Altruistic_22,ABUNDANCE,All_Altruistic,Altruistic,Jax,Rich,0,50,0,1
experiment_ABUNDANCE_All_Altruistic_23,ABUNDANCE,All_Altruistic,Altruistic,Kai,Poor,0,50,0,1
experiment_ABUNDANCE_All_Altruistic_23,ABUNDANCE,All_Altruistic,Altruistic,Elala,Middle,0,50,0,1
experiment_ABUNDANCE_All_Altruistic_23,ABUNDANCE,All_Altruistic,Altruistic,Jax,Rich,0,50,0,1
experiment_ABUNDANCE_All_Altruistic_24,ABUNDANCE,All_Altruistic,Altruistic,Kai,Poor,0,50,0,1
experiment_ABUNDANCE_All_Altruistic_24,ABUNDANCE,All_Altruistic,Altruistic,Elala,Middle,0,50,0,1
experiment_ABUNDANCE_All_Altruistic_24,ABUNDANCE,All_Altruistic,Altruistic,Jax,Rich,0,50,0,1
experiment_ABUNDANCE_All_Altruistic_25,ABUNDANCE,All_Altruistic,Altruistic,Kai,Poor,0,50,0,1
experiment_ABUNDANCE_All_Altruistic_25,ABUNDANCE,All_Altruistic,Altruistic,Elala,Middle,0,50,0,1
experiment_ABUNDANCE_All_Altruistic_25,ABUNDANCE,All_Altruistic,Altruistic,Jax,Rich,0,50,0,1
experiment_ABUNDANCE_All_Altruistic_26,ABUNDANCE,All_Altruistic,Altruistic,Kai,Poor,0,50,0,1
experiment_ABUNDANCE_All_Altruistic_26,ABUNDANCE,All_Altruistic,Altruistic,Elala,Middle,0,50,0,1
experiment_ABUNDANCE_All_Altruistic_26,ABUNDANCE,All_Altruistic,Altruistic,Jax,Rich,0,50,0,1
experiment_ABUNDANCE_All_Altruistic_27,ABUNDANCE,All_Altruistic,Altruistic,Kai,Poor,0,50,0,1
experiment_ABUNDANCE_All_Altruistic_27,ABUNDANCE,All_Altruistic,Altruistic,Elala,Middle,0,50,0,1
experiment_ABUNDANCE_All_Altruistic_27,ABUNDANCE,All_Altruistic,Altruistic,Jax,Rich,0,50,0,1
experiment_ABUNDANCE_All_Altruistic_28,ABUNDANCE,All_Altruistic,Altruistic,Kai,Poor,0,50,0,1
experiment_ABUNDANCE_All_Altruistic_28,ABUNDANCE,All_Altruistic,Altruistic,Elala,Middle,0,50,0,1
experiment_ABUNDANCE_All_Altruistic_28,ABUNDANCE,All_Altruistic,Altruistic,Jax,Rich,0,50,0,1
experiment_ABUNDANCE_All_Altruistic_29,ABUNDANCE,All_Altruistic,Altruistic,Kai,Poor,0,50,0,1
experiment_ABUNDANCE_All_Altruistic_29,ABUNDANCE,All_Altruistic,Altruistic,Elala,Middle,0,50,0,1
experiment_ABUNDANCE_All_Altruistic_29,ABUNDANCE,All_Altruistic,Altruistic,Jax,Rich,0,50,0,1
experiment_ABUNDANCE_All_Altruistic_30,ABUNDANCE,All_Altruistic,Altruistic,Kai,Poor,0,50,0,1
experiment_ABUNDANCE_All_Altruistic_30,ABUNDANCE,All_Altruistic,Altruistic,Elala,Middle,0,50,0,1
experiment_ABUNDANCE_All_Altruistic_30,ABUNDANCE,All_Altruistic,Altruistic,Jax,Rich,0,50,0,1
experiment_ABUNDANCE_All_Altruistic_31,ABUNDANCE,All_Altruistic,Altruistic,Kai,Poor,0,50,0,1
experiment_ABUNDANCE_All_Altruistic_31,ABUNDANCE,All_Altruistic,Altruistic,Elala,Middle,0,50,0,1
experiment_ABUNDANCE_All_Altruistic_31,ABUNDANCE,All_Altruistic,Altruistic,Jax,Rich,0,50,0,1
experiment_ABUNDANCE_All_Altruistic_32,ABUNDANCE,All_Altruistic,Altruistic,Kai,Poor,0,50,0,1
experiment_ABUNDANCE_All_Altruistic_32,ABUNDANCE,All_Altruistic,Altruistic,Elala,Middle,0,50,0,1
experiment_ABUNDANCE_All_Altruistic_32,ABUNDANCE,All_Altruistic,Altruistic,Jax,Rich,0,50,0,1
experiment_ABUNDANCE_All_Altruistic_33,ABUNDANCE,All_Altruistic,Altruistic,Kai,Poor,0,50,0,1
experiment_ABUNDANCE_All_Altruistic_33,ABUNDANCE,All_Altruistic,Altruistic,Elala,Middle,0,50,0,1
experiment_ABUNDANCE_All_Altruistic_33,ABUNDANCE,All_Altruistic,Altruistic,Jax,Rich,0,50,0,1
experiment_ABUNDANCE_All_Altruistic_34,ABUNDANCE,All_Altruistic,Altruistic,Kai,Poor,0,50,0,1
experiment_ABUNDANCE_All_Altruistic_34,ABUNDANCE,All_Altruistic,Altruistic,Elala,Middle,0,50,0,1
experiment_ABUNDANCE_All_Altruistic_34,ABUNDANCE,All_Altruistic,Altruistic,Jax,Rich,0,50,0,1
experiment_ABUNDANCE_All_Altruistic_35,ABUNDANCE,All_Altruistic,Altruistic,Kai,Poor,0,50,0,1
experiment_ABUNDANCE_All_Altruistic_35,ABUNDANCE,All_Altruistic,Altruistic,Elala,Middle,0,50,0,1
experiment_ABUNDANCE_All_Altruistic_35,ABUNDANCE,All_Altruistic,Altruistic,Jax,Rich,0,50,0,1
experiment_ABUNDANCE_All_Altruistic_36,ABUNDANCE,All_Altruistic,Altruistic,Kai,Poor,0,50,0,1
experiment_ABUNDANCE_All_Altruistic_36,ABUNDANCE,All_Altruistic,Altruistic,Elala,Middle,0,50,0,1
experiment_ABUNDANCE_All_Altruistic_36,ABUNDANCE,All_Altruistic,Altruistic,Jax,Rich,0,50,0,1
experiment_ABUNDANCE_All_Altruistic_37,ABUNDANCE,All_Altruistic,Altruistic,Kai,Poor,0,50,0,1
experiment_ABUNDANCE_All_Altruistic_37,ABUNDANCE,All_Altruistic,Altruistic,Elala,Middle,0,50,0,1
experiment_ABUNDANCE_All_Altruistic_37,ABUNDANCE,All_Altruistic,Altruistic,Jax,Rich,0,50,0,1
experiment_ABUNDANCE_All_Altruistic_38,ABUNDANCE,All_Altruistic,Altruistic,Kai,Poor,0,50,0,1
experiment_ABUNDANCE_All_Altruistic_38,ABUNDANCE,All_Altruistic,Altruistic,Elala,Middle,0,50,0,1
experiment_ABUNDANCE_All_Altruistic_38,ABUNDANCE,All_Altruistic,Altruistic,Jax,Rich,0,50,0,1
experiment_ABUNDANCE_All_Altruistic_39,ABUNDANCE,All_Altruistic,Altruistic,Kai,Poor,0,50,0,1
experiment_ABUNDANCE_All_Altruistic_39,ABUNDANCE,All_Altruistic,Altruistic,Elala,Middle,0,50,0,1
experiment_ABUNDANCE_All_Altruistic_39,ABUNDANCE,All_Altruistic,Altruistic,Jax,Rich,0,50,0,1
experiment_ABUNDANCE_All_Altruistic_40,ABUNDANCE,All_Altruistic,Altruistic,Kai,Poor,0,50,0,1
experiment_ABUNDANCE_All_Altruistic_40,ABUNDANCE,All_Altruistic,Altruistic,Elala,Middle,0,50,0,1
experiment_ABUNDANCE_All_Altruistic_40,ABUNDANCE,All_Altruistic,Altruistic,Jax,Rich,0,50,0,1
experiment_ABUNDANCE_All_Altruistic_41,ABUNDANCE,All_Altruistic,Altruistic,Kai,Poor,0,50,0,1
experiment_ABUNDANCE_All_Altruistic_41,ABUNDANCE,All_Altruistic,Altruistic,Elala,Middle,0,50,0,1
experiment_ABUNDANCE_All_Altruistic_41,ABUNDANCE,All_Altruistic,Altruistic,Jax,Rich,1,49,1,0
experiment_ABUNDANCE_All_Altruistic_42,ABUNDANCE,All_Altruistic,Altruistic,Kai,Poor,0,50,0,1
experiment_ABUNDANCE_All_Altruistic_42,ABUNDANCE,All_Altruistic,Altruistic,Elala,Middle,0,50,0,1
experiment_ABUNDANCE_All_Altruistic_42,ABUNDANCE,All_Altruistic,Altruistic,Jax,Rich,0,50,0,1
experiment_ABUNDANCE_All_Altruistic_43,ABUNDANCE,All_Altruistic,Altruistic,Kai,Poor,0,50,0,1
experiment_ABUNDANCE_All_Altruistic_43,ABUNDANCE,All_Altruistic,Altruistic,Elala,Middle,0,50,0,1
experiment_ABUNDANCE_All_Altruistic_43,ABUNDANCE,All_Altruistic,Altruistic,Jax,Rich,0,50,0,1
experiment_ABUNDANCE_All_Altruistic_44,ABUNDANCE,All_Altruistic,Altruistic,Kai,Poor,0,50,0,1
experiment_ABUNDANCE_All_Altruistic_44,ABUNDANCE,All_Altruistic,Altruistic,Elala,Middle,0,50,0,1
experiment_ABUNDANCE_All_Altruistic_44,ABUNDANCE,All_Altruistic,Altruistic,Jax,Rich,0,50,0,1
experiment_ABUNDANCE_All_Altruistic_45,ABUNDANCE,All_Altruistic,Altruistic,Kai,Poor,0,50,0,1
experiment_ABUNDANCE_All_Altruistic_45,ABUNDANCE,All_Altruistic,Altruistic,Elala,Middle,0,50,0,1
experiment_ABUNDANCE_All_Altruistic_45,ABUNDANCE,All_Altruistic,Altruistic,Jax,Rich,0,50,0,1
experiment_ABUNDANCE_All_Altruistic_46,ABUNDANCE,All_Altruistic,Altruistic,Kai,Poor,0,50,0,1
experiment_ABUNDANCE_All_Altruistic_46,ABUNDANCE,All_Altruistic,Altruistic,Elala,Middle,0,50,0,1
experiment_ABUNDANCE_All_Altruistic_46,ABUNDANCE,All_Altruistic,Altruistic,Jax,Rich,0,50,0,1
experiment_ABUNDANCE_All_Altruistic_47,ABUNDANCE,All_Altruistic,Altruistic,Kai,Poor,0,50,0,1
experiment_ABUNDANCE_All_Altruistic_47,ABUNDANCE,All_Altruistic,Altruistic,Elala,Middle,0,50,0,1
experiment_ABUNDANCE_All_Altruistic_47,ABUNDANCE,All_Altruistic,Altruistic,Jax,Rich,0,50,0,1
experiment_ABUNDANCE_All_Altruistic_48,ABUNDANCE,All_Altruistic,Altruistic,Kai,Poor,0,50,0,1
experiment_ABUNDANCE_All_Altruistic_48,ABUNDANCE,All_Altruistic,Altruistic,Elala,Middle,0,50,0,1
experiment_ABUNDANCE_All_Altruistic_48,ABUNDANCE,All_Altruistic,Altruistic,Jax,Rich,0,50,0,1
experiment_ABUNDANCE_All_Altruistic_49,ABUNDANCE,All_Altruistic,Altruistic,Kai,Poor,0,50,0,1
experiment_ABUNDANCE_All_Altruistic_49,ABUNDANCE,All_Altruistic,Altruistic,Elala,Middle,0,50,0,1
experiment_ABUNDANCE_All_Altruistic_49,ABUNDANCE,All_Altruistic,Altruistic,Jax,Rich,0,50,0,1
experiment_ABUNDANCE_All_Altruistic_50,ABUNDANCE,All_Altruistic,Altruistic,Kai,Poor,0,50,0,1
experiment_ABUNDANCE_All_Altruistic_50,ABUNDANCE,All_Altruistic,Altruistic,Elala,Middle,0,50,0,1
experiment_ABUNDANCE_All_Altruistic_50,ABUNDANCE,All_Altruistic,Altruistic,Jax,Rich,0,50,0,1
experiment_ABUNDANCE_All_Dominant_01,ABUNDANCE,All_Dominant,Dominant,Kai,Poor,0,50,0,1
experiment_ABUNDANCE_All_Dominant_01,ABUNDANCE,All_Dominant,Dominant,Elala,Middle,0,50,0,1
experiment_ABUNDANCE_All_Dominant_01,ABUNDANCE,All_Dominant,Dominant,Jax,Rich,0,50,0,1
experiment_ABUNDANCE_All_Dominant_02,ABUNDANCE,All_Dominant,Dominant,Kai,Poor,0,50,0,1
experiment_ABUNDANCE_All_Dominant_02,ABUNDANCE,All_Dominant,Dominant,Elala,Middle,0,50,0,1
experiment_ABUNDANCE_All_Dominant_02,ABUNDANCE,All_Dominant,Dominant,Jax,Rich,0,50,0,1
experiment_ABUNDANCE_All_Dominant_03,ABUNDANCE,All_Dominant,Dominant,Kai,Poor,0,50,0,1
experiment_ABUNDANCE_All_Dominant_03,ABUNDANCE,All_Dominant,Dominant,Elala,Middle,0,50,0,1
experiment_ABUNDANCE_All_Dominant_03,ABUNDANCE,All_Dominant,Dominant,Jax,Rich,0,50,0,1
experiment_ABUNDANCE_All_Dominant_04,ABUNDANCE,All_Dominant,Dominant,Kai,Poor,0,50,0,1
experiment_ABUNDANCE_All_Dominant_04,ABUNDANCE,All_Dominant,Dominant,Elala,Middle,0,50,0,1
experiment_ABUNDANCE_All_Dominant_04,ABUNDANCE,All_Dominant,Dominant,Jax,Rich,0,50,0,1
experiment_ABUNDANCE_All_Dominant_05,ABUNDANCE,All_Dominant,Dominant,Kai,Poor,0,50,0,1
experiment_ABUNDANCE_All_Dominant_05,ABUNDANCE,All_Dominant,Dominant,Elala,Middle,0,50,0,1
experiment_ABUNDANCE_All_Dominant_05,ABUNDANCE,All_Dominant,Dominant,Jax,Rich,0,50,0,1
experiment_ABUNDANCE_All_Dominant_06,ABUNDANCE,All_Dominant,Dominant,Kai,Poor,0,50,0,1
experiment_ABUNDANCE_All_Dominant_06,ABUNDANCE,All_Dominant,Dominant,Elala,Middle,1,47,0,0
experiment_ABUNDANCE_All_Dominant_06,ABUNDANCE,All_Dominant,Dominant,Jax,Rich,1,41,1,0
experiment_ABUNDANCE_All_Dominant_07,ABUNDANCE,All_Dominant,Dominant,Kai,Poor,0,50,0,1
experiment_ABUNDANCE_All_Dominant_07,ABUNDANCE,All_Dominant,Dominant,Elala,Middle,0,50,0,1
experiment_ABUNDANCE_All_Dominant_07,ABUNDANCE,All_Dominant,Dominant,Jax,Rich,0,50,0,1
experiment_ABUNDANCE_All_Dominant_08,ABUNDANCE,All_Dominant,Dominant,Kai,Poor,0,50,0,1
experiment_ABUNDANCE_All_Dominant_08,ABUNDANCE,All_Dominant,Dominant,Elala,Middle,0,50,0,1
experiment_ABUNDANCE_All_Dominant_08,ABUNDANCE,All_Dominant,Dominant,Jax,Rich,0,50,0,1
experiment_ABUNDANCE_All_Dominant_09,ABUNDANCE,All_Dominant,Dominant,Kai,Poor,0,50,0,1
experiment_ABUNDANCE_All_Dominant_09,ABUNDANCE,All_Dominant,Dominant,Elala,Middle,0,50,0,1
experiment_ABUNDANCE_All_Dominant_09,ABUNDANCE,All_Dominant,Dominant,Jax,Rich,0,50,0,1
experiment_ABUNDANCE_All_Dominant_10,ABUNDANCE,All_Dominant,Dominant,Kai,Poor,0,50,0,1
experiment_ABUNDANCE_All_Dominant_10,ABUNDANCE,All_Dominant,Dominant,Elala,Middle,0,50,0,1
experiment_ABUNDANCE_All_Dominant_10,ABUNDANCE,All_Dominant,Dominant,Jax,Rich,0,50,0,1
experiment_ABUNDANCE_All_Dominant_11,ABUNDANCE,All_Dominant,Dominant,Kai,Poor,0,50,0,1
experiment_ABUNDANCE_All_Dominant_11,ABUNDANCE,All_Dominant,Dominant,Elala,Middle,0,50,0,1
experiment_ABUNDANCE_All_Dominant_11,ABUNDANCE,All_Dominant,Dominant,Jax,Rich,1,47,1,0
experiment_ABUNDANCE_All_Dominant_12,ABUNDANCE,All_Dominant,Dominant,Kai,Poor,0,50,0,1
experiment_ABUNDANCE_All_Dominant_12,ABUNDANCE,All_Dominant,Dominant,Elala,Middle,0,50,0,1
experiment_ABUNDANCE_All_Dominant_12,ABUNDANCE,All_Dominant,Dominant,Jax,Rich,0,50,0,1
experiment_ABUNDANCE_All_Dominant_13,ABUNDANCE,All_Dominant,Dominant,Kai,Poor,1,40,0,0
experiment_ABUNDANCE_All_Dominant_13,ABUNDANCE,All_Dominant,Dominant,Elala,Middle,1,18,1,0
experiment_ABUNDANCE_All_Dominant_13,ABUNDANCE,All_Dominant,Dominant,Jax,Rich,0,50,0,1
experiment_ABUNDANCE_All_Dominant_14,ABUNDANCE,All_Dominant,Dominant,Kai,Poor,0,50,0,1
experiment_ABUNDANCE_All_Dominant_14,ABUNDANCE,All_Dominant,Dominant,Elala,Middle,0,50,0,1
experiment_ABUNDANCE_All_Dominant_14,ABUNDANCE,All_Dominant,Dominant,Jax,Rich,0,50,0,1
experiment_ABUNDANCE_All_Dominant_15,ABUNDANCE,All_Dominant,Dominant,Kai,Poor,1,33,0,0
experiment_ABUNDANCE_All_Dominant_15,ABUNDANCE,All_Dominant,Dominant,Elala,Middle,0,50,0,1
experiment_ABUNDANCE_All_Dominant_15,ABUNDANCE,All_Dominant,Dominant,Jax,Rich,1,13,1,0
experiment_ABUNDANCE_All_Dominant_16,ABUNDANCE,All_Dominant,Dominant,Kai,Poor,0,50,0,1
experiment_ABUNDANCE_All_Dominant_16,ABUNDANCE,All_Dominant,Dominant,Elala,Middle,0,50,0,1
experiment_ABUNDANCE_All_Dominant_16,ABUNDANCE,All_Dominant,Dominant,Jax,Rich,0,50,0,1
experiment_ABUNDANCE_All_Dominant_17,ABUNDANCE,All_Dominant,Dominant,Kai,Poor,0,50,0,1
experiment_ABUNDANCE_All_Dominant_17,ABUNDANCE,All_Dominant,Dominant,Elala,Middle,0,50,0,1
experiment_ABUNDANCE_All_Dominant_17,ABUNDANCE,All_Dominant,Dominant,Jax,Rich,0,50,0,1
experiment_ABUNDANCE_All_Dominant_18,ABUNDANCE,All_Dominant,Dominant,Kai,Poor,0,50,0,1
experiment_ABUNDANCE_All_Dominant_18,ABUNDANCE,All_Dominant,Dominant,Elala,Middle,0,50,0,1
experiment_ABUNDANCE_All_Dominant_18,ABUNDANCE,All_Dominant,Dominant,Jax,Rich,1,48,1,0
experiment_ABUNDANCE_All_Dominant_19,ABUNDANCE,All_Dominant,Dominant,Kai,Poor,0,50,0,1
experiment_ABUNDANCE_All_Dominant_19,ABUNDANCE,All_Dominant,Dominant,Elala,Middle,0,50,0,1
experiment_ABUNDANCE_All_Dominant_19,ABUNDANCE,All_Dominant,Dominant,Jax,Rich,0,50,0,1
experiment_ABUNDANCE_All_Dominant_20,ABUNDANCE,All_Dominant,Dominant,Kai,Poor,0,50,0,1
experiment_ABUNDANCE_All_Dominant_20,ABUNDANCE,All_Dominant,Dominant,Elala,Middle,0,50,0,1
experiment_ABUNDANCE_All_Dominant_20,ABUNDANCE,All_Dominant,Dominant,Jax,Rich,0,50,0,1
experiment_ABUNDANCE_All_Dominant_21,ABUNDANCE,All_Dominant,Dominant,Kai,Poor,0,50,0,1
experiment_ABUNDANCE_All_Dominant_21,ABUNDANCE,All_Dominant,Dominant,Elala,Middle,0,50,0,1
experiment_ABUNDANCE_All_Dominant_21,ABUNDANCE,All_Dominant,Dominant,Jax,Rich,1,35,1,0
experiment_ABUNDANCE_All_Dominant_22,ABUNDANCE,All_Dominant,Dominant,Kai,Poor,0,50,0,1
experiment_ABUNDANCE_All_Dominant_22,ABUNDANCE,All_Dominant,Dominant,Elala,Middle,0,50,0,1
experiment_ABUNDANCE_All_Dominant_22,ABUNDANCE,All_Dominant,Dominant,Jax,Rich,1,39,1,0
experiment_ABUNDANCE_All_Dominant_23,ABUNDANCE,All_Dominant,Dominant,Kai,Poor,0,50,0,1
experiment_ABUNDANCE_All_Dominant_23,ABUNDANCE,All_Dominant,Dominant,Elala,Middle,0,50,0,1
experiment_ABUNDANCE_All_Dominant_23,ABUNDANCE,All_Dominant,Dominant,Jax,Rich,0,50,0,1
experiment_ABUNDANCE_All_Dominant_24,ABUNDANCE,All_Dominant,Dominant,Kai,Poor,0,50,0,1
experiment_ABUNDANCE_All_Dominant_24,ABUNDANCE,All_Dominant,Dominant,Elala,Middle,0,50,0,1
experiment_ABUNDANCE_All_Dominant_24,ABUNDANCE,All_Dominant,Dominant,Jax,Rich,1,40,1,0
experiment_ABUNDANCE_All_Dominant_25,ABUNDANCE,All_Dominant,Dominant,Kai,Poor,0,50,0,1
experiment_ABUNDANCE_All_Dominant_25,ABUNDANCE,All_Dominant,Dominant,Elala,Middle,0,50,0,1
experiment_ABUNDANCE_All_Dominant_25,ABUNDANCE,All_Dominant,Dominant,Jax,Rich,0,50,0,1
experiment_ABUNDANCE_All_Dominant_26,ABUNDANCE,All_Dominant,Dominant,Kai,Poor,1,23,1,0
experiment_ABUNDANCE_All_Dominant_26,ABUNDANCE,All_Dominant,Dominant,Elala,Middle,0,50,0,1
experiment_ABUNDANCE_All_Dominant_26,ABUNDANCE,All_Dominant,Dominant,Jax,Rich,1,37,0,0
experiment_ABUNDANCE_All_Dominant_27,ABUNDANCE,All_Dominant,Dominant,Kai,Poor,0,50,0,1
experiment_ABUNDANCE_All_Dominant_27,ABUNDANCE,All_Dominant,Dominant,Elala,Middle,0,50,0,1
experiment_ABUNDANCE_All_Dominant_27,ABUNDANCE,All_Dominant,Dominant,Jax,Rich,1,46,1,0
experiment_ABUNDANCE_All_Dominant_28,ABUNDANCE,All_Dominant,Dominant,Kai,Poor,1,19,1,0
experiment_ABUNDANCE_All_Dominant_28,ABUNDANCE,All_Dominant,Dominant,Elala,Middle,0,50,0,1
experiment_ABUNDANCE_All_Dominant_28,ABUNDANCE,All_Dominant,Dominant,Jax,Rich,0,50,0,1
experiment_ABUNDANCE_All_Dominant_29,ABUNDANCE,All_Dominant,Dominant,Kai,Poor,0,50,0,1
experiment_ABUNDANCE_All_Dominant_29,ABUNDANCE,All_Dominant,Dominant,Elala,Middle,0,50,0,1
experiment_ABUNDANCE_All_Dominant_29,ABUNDANCE,All_Dominant,Dominant,Jax,Rich,1,39,1,0
experiment_ABUNDANCE_All_Dominant_30,ABUNDANCE,All_Dominant,Dominant,Kai,Poor,0,50,0,1
experiment_ABUNDANCE_All_Dominant_30,ABUNDANCE,All_Dominant,Dominant,Elala,Middle,1,17,1,0
experiment_ABUNDANCE_All_Dominant_30,ABUNDANCE,All_Dominant,Dominant,Jax,Rich,0,50,0,1
experiment_ABUNDANCE_All_Dominant_31,ABUNDANCE,All_Dominant,Dominant,Kai,Poor,0,50,0,1
experiment_ABUNDANCE_All_Dominant_31,ABUNDANCE,All_Dominant,Dominant,Elala,Middle,0,50,0,1
experiment_ABUNDANCE_All_Dominant_31,ABUNDANCE,All_Dominant,Dominant,Jax,Rich,0,50,0,1
experiment_ABUNDANCE_All_Dominant_32,ABUNDANCE,All_Dominant,Dominant,Kai,Poor,1,40,1,0
experiment_ABUNDANCE_All_Dominant_32,ABUNDANCE,All_Dominant,Dominant,Elala,Middle,0,50,0,1
experiment_ABUNDANCE_All_Dominant_32,ABUNDANCE,All_Dominant,Dominant,Jax,Rich,0,50,0,1
experiment_ABUNDANCE_All_Dominant_33,ABUNDANCE,All_Dominant,Dominant,Kai,Poor,0,50,0,1
experiment_ABUNDANCE_All_Dominant_33,ABUNDANCE,All_Dominant,Dominant,Elala,Middle,0,50,0,1
experiment_ABUNDANCE_All_Dominant_33,ABUNDANCE,All_Dominant,Dominant,Jax,Rich,0,50,0,1
experiment_ABUNDANCE_All_Dominant_34,ABUNDANCE,All_Dominant,Dominant,Kai,Poor,0,50,0,1
experiment_ABUNDANCE_All_Dominant_34,ABUNDANCE,All_Dominant,Dominant,Elala,Middle,0,50,0,1
experiment_ABUNDANCE_All_Dominant_34,ABUNDANCE,All_Dominant,Dominant,Jax,Rich,0,50,0,1
experiment_ABUNDANCE_All_Dominant_35,ABUNDANCE,All_Dominant,Dominant,Kai,Poor,0,50,0,1
experiment_ABUNDANCE_All_Dominant_35,ABUNDANCE,All_Dominant,Dominant,Elala,Middle,0,50,0,1
experiment_ABUNDANCE_All_Dominant_35,ABUNDANCE,All_Dominant,Dominant,Jax,Rich,1,41,1,0
experiment_ABUNDANCE_All_Dominant_36,ABUNDANCE,All_Dominant,Dominant,Kai,Poor,0,50,0,1
experiment_ABUNDANCE_All_Dominant_36,ABUNDANCE,All_Dominant,Dominant,Elala,Middle,0,50,0,1
experiment_ABUNDANCE_All_Dominant_36,ABUNDANCE,All_Dominant,Dominant,Jax,Rich,0,50,0,1
experiment_ABUNDANCE_All_Dominant_37,ABUNDANCE,All_Dominant,Dominant,Kai,Poor,0,50,0,1
experiment_ABUNDANCE_All_Dominant_37,ABUNDANCE,All_Dominant,Dominant,Elala,Middle,0,50,0,1
experiment_ABUNDANCE_All_Dominant_37,ABUNDANCE,All_Dominant,Dominant,Jax,Rich,0,50,0,1
experiment_ABUNDANCE_All_Dominant_38,ABUNDANCE,All_Dominant,Dominant,Kai,Poor,0,50,0,1
experiment_ABUNDANCE_All_Dominant_38,ABUNDANCE,All_Dominant,Dominant,Elala,Middle,0,50,0,1
experiment_ABUNDANCE_All_Dominant_38,ABUNDANCE,All_Dominant,Dominant,Jax,Rich,1,44,1,0
experiment_ABUNDANCE_All_Dominant_39,ABUNDANCE,All_Dominant,Dominant,Kai,Poor,0,50,0,1
experiment_ABUNDANCE_All_Dominant_39,ABUNDANCE,All_Dominant,Dominant,Elala,Middle,1,18,1,0
experiment_ABUNDANCE_All_Dominant_39,ABUNDANCE,All_Dominant,Dominant,Jax,Rich,1,37,0,0
experiment_ABUNDANCE_All_Dominant_40,ABUNDANCE,All_Dominant,Dominant,Kai,Poor,0,50,0,1
experiment_ABUNDANCE_All_Dominant_40,ABUNDANCE,All_Dominant,Dominant,Elala,Middle,0,50,0,1
experiment_ABUNDANCE_All_Dominant_40,ABUNDANCE,All_Dominant,Dominant,Jax,Rich,0,50,0,1
experiment_ABUNDANCE_All_Dominant_41,ABUNDANCE,All_Dominant,Dominant,Kai,Poor,0,50,0,1
experiment_ABUNDANCE_All_Dominant_41,ABUNDANCE,All_Dominant,Dominant,Elala,Middle,0,50,0,1
experiment_ABUNDANCE_All_Dominant_41,ABUNDANCE,All_Dominant,Dominant,Jax,Rich,0,50,0,1
experiment_ABUNDANCE_All_Dominant_42,ABUNDANCE,All_Dominant,Dominant,Kai,Poor,1,35,1,0
experiment_ABUNDANCE_All_Dominant_42,ABUNDANCE,All_Dominant,Dominant,Elala,Middle,1,37,0,0
experiment_ABUNDANCE_All_Dominant_42,ABUNDANCE,All_Dominant,Dominant,Jax,Rich,0,50,0,1
experiment_ABUNDANCE_All_Dominant_43,ABUNDANCE,All_Dominant,Dominant,Kai,Poor,0,50,0,1
experiment_ABUNDANCE_All_Dominant_43,ABUNDANCE,All_Dominant,Dominant,Elala,Middle,0,50,0,1
experiment_ABUNDANCE_All_Dominant_43,ABUNDANCE,All_Dominant,Dominant,Jax,Rich,0,50,0,1
experiment_ABUNDANCE_All_Dominant_44,ABUNDANCE,All_Dominant,Dominant,Kai,Poor,1,34,0,0
experiment_ABUNDANCE_All_Dominant_44,ABUNDANCE,All_Dominant,Dominant,Elala,Middle,0,50,0,1
experiment_ABUNDANCE_All_Dominant_44,ABUNDANCE,All_Dominant,Dominant,Jax,Rich,1,12,1,0
experiment_ABUNDANCE_All_Dominant_45,ABUNDANCE,All_Dominant,Dominant,Kai,Poor,0,50,0,1
experiment_ABUNDANCE_All_Dominant_45,ABUNDANCE,All_Dominant,Dominant,Elala,Middle,1,30,1,0
experiment_ABUNDANCE_All_Dominant_45,ABUNDANCE,All_Dominant,Dominant,Jax,Rich,0,50,0,1
experiment_ABUNDANCE_All_Dominant_46,ABUNDANCE,All_Dominant,Dominant,Kai,Poor,1,34,1,0
experiment_ABUNDANCE_All_Dominant_46,ABUNDANCE,All_Dominant,Dominant,Elala,Middle,0,50,0,1
experiment_ABUNDANCE_All_Dominant_46,ABUNDANCE,All_Dominant,Dominant,Jax,Rich,0,50,0,1
experiment_ABUNDANCE_All_Dominant_47,ABUNDANCE,All_Dominant,Dominant,Kai,Poor,0,50,0,1
experiment_ABUNDANCE_All_Dominant_47,ABUNDANCE,All_Dominant,Dominant,Elala,Middle,1,46,1,0
experiment_ABUNDANCE_All_Dominant_47,ABUNDANCE,All_Dominant,Dominant,Jax,Rich,0,50,0,1
experiment_ABUNDANCE_All_Dominant_48,ABUNDANCE,All_Dominant,Dominant,Kai,Poor,0,50,0,1
experiment_ABUNDANCE_All_Dominant_48,ABUNDANCE,All_Dominant,Dominant,Elala,Middle,0,50,0,1
experiment_ABUNDANCE_All_Dominant_48,ABUNDANCE,All_Dominant,Dominant,Jax,Rich,0,50,0,1
experiment_ABUNDANCE_All_Dominant_49,ABUNDANCE,All_Dominant,Dominant,Kai,Poor,0,50,0,1
experiment_ABUNDANCE_All_Dominant_49,ABUNDANCE,All_Dominant,Dominant,Elala,Middle,0,50,0,1
experiment_ABUNDANCE_All_Dominant_49,ABUNDANCE,All_Dominant,Dominant,Jax,Rich,0,50,0,1
experiment_ABUNDANCE_All_Dominant_50,ABUNDANCE,All_Dominant,Dominant,Kai,Poor,1,37,1,0
experiment_ABUNDANCE_All_Dominant_50,ABUNDANCE,All_Dominant,Dominant,Elala,Middle,1,45,0,0
experiment_ABUNDANCE_All_Dominant_50,ABUNDANCE,All_Dominant,Dominant,Jax,Rich,0,50,0,1
experiment_FAMINE_All_Aggressive_01,FAMINE,All_Aggressive,Aggressive,Kai,Poor,1,16,1,0
experiment_FAMINE_All_Aggressive_01,FAMINE,All_Aggressive,Aggressive,Elala,Middle,1,31,0,0
experiment_FAMINE_All_Aggressive_01,FAMINE,All_Aggressive,Aggressive,Jax,Rich,0,50,0,1
experiment_FAMINE_All_Aggressive_02,FAMINE,All_Aggressive,Aggressive,Kai,Poor,1,16,1,0
experiment_FAMINE_All_Aggressive_02,FAMINE,All_Aggressive,Aggressive,Elala,Middle,1,28,0,0
experiment_FAMINE_All_Aggressive_02,FAMINE,All_Aggressive,Aggressive,Jax,Rich,0,50,0,1
experiment_FAMINE_All_Aggressive_03,FAMINE,All_Aggressive,Aggressive,Kai,Poor,1,13,1,0
experiment_FAMINE_All_Aggressive_03,FAMINE,All_Aggressive,Aggressive,Elala,Middle,1,31,0,0
experiment_FAMINE_All_Aggressive_03,FAMINE,All_Aggressive,Aggressive,Jax,Rich,0,50,0,1
experiment_FAMINE_All_Aggressive_04,FAMINE,All_Aggressive,Aggressive,Kai,Poor,1,12,1,0
experiment_FAMINE_All_Aggressive_04,FAMINE,All_Aggressive,Aggressive,Elala,Middle,1,31,0,0
experiment_FAMINE_All_Aggressive_04,FAMINE,All_Aggressive,Aggressive,Jax,Rich,0,50,0,1
experiment_FAMINE_All_Aggressive_05,FAMINE,All_Aggressive,Aggressive,Kai,Poor,1,16,1,0
experiment_FAMINE_All_Aggressive_05,FAMINE,All_Aggressive,Aggressive,Elala,Middle,1,29,0,0
experiment_FAMINE_All_Aggressive_05,FAMINE,All_Aggressive,Aggressive,Jax,Rich,0,50,0,1
experiment_FAMINE_All_Aggressive_06,FAMINE,All_Aggressive,Aggressive,Kai,Poor,1,12,1,0
experiment_FAMINE_All_Aggressive_06,FAMINE,All_Aggressive,Aggressive,Elala,Middle,1,30,0,0
experiment_FAMINE_All_Aggressive_06,FAMINE,All_Aggressive,Aggressive,Jax,Rich,0,50,0,1
experiment_FAMINE_All_Aggressive_07,FAMINE,All_Aggressive,Aggressive,Kai,Poor,1,14,1,0
experiment_FAMINE_All_Aggressive_07,FAMINE,All_Aggressive,Aggressive,Elala,Middle,1,32,0,0
experiment_FAMINE_All_Aggressive_07,FAMINE,All_Aggressive,Aggressive,Jax,Rich,0,50,0,1
experiment_FAMINE_All_Aggressive_08,FAMINE,All_Aggressive,Aggressive,Kai,Poor,1,14,1,0
experiment_FAMINE_All_Aggressive_08,FAMINE,All_Aggressive,Aggressive,Elala,Middle,1,31,0,0
experiment_FAMINE_All_Aggressive_08,FAMINE,All_Aggressive,Aggressive,Jax,Rich,0,50,0,1
experiment_FAMINE_All_Aggressive_09,FAMINE,All_Aggressive,Aggressive,Kai,Poor,1,12,1,0
experiment_FAMINE_All_Aggressive_09,FAMINE,All_Aggressive,Aggressive,Elala,Middle,1,31,0,0
experiment_FAMINE_All_Aggressive_09,FAMINE,All_Aggressive,Aggressive,Jax,Rich,0,50,0,1
experiment_FAMINE_All_Aggressive_10,FAMINE,All_Aggressive,Aggressive,Kai,Poor,1,12,1,0
experiment_FAMINE_All_Aggressive_10,FAMINE,All_Aggressive,Aggressive,Elala,Middle,1,28,0,0
experiment_FAMINE_All_Aggressive_10,FAMINE,All_Aggressive,Aggressive,Jax,Rich,0,50,0,1
experiment_FAMINE_All_Aggressive_11,FAMINE,All_Aggressive,Aggressive,Kai,Poor,1,16,1,0
experiment_FAMINE_All_Aggressive_11,FAMINE,All_Aggressive,Aggressive,Elala,Middle,1,28,0,0
experiment_FAMINE_All_Aggressive_11,FAMINE,All_Aggressive,Aggressive,Jax,Rich,0,50,0,1
experiment_FAMINE_All_Aggressive_12,FAMINE,All_Aggressive,Aggressive,Kai,Poor,1,16,1,0
experiment_FAMINE_All_Aggressive_12,FAMINE,All_Aggressive,Aggressive,Elala,Middle,1,23,0,0
experiment_FAMINE_All_Aggressive_12,FAMINE,All_Aggressive,Aggressive,Jax,Rich,0,50,0,1
experiment_FAMINE_All_Aggressive_13,FAMINE,All_Aggressive,Aggressive,Kai,Poor,1,15,1,0
experiment_FAMINE_All_Aggressive_13,FAMINE,All_Aggressive,Aggressive,Elala,Middle,1,28,0,0
experiment_FAMINE_All_Aggressive_13,FAMINE,All_Aggressive,Aggressive,Jax,Rich,0,50,0,1
experiment_FAMINE_All_Aggressive_14,FAMINE,All_Aggressive,Aggressive,Kai,Poor,1,16,1,0
experiment_FAMINE_All_Aggressive_14,FAMINE,All_Aggressive,Aggressive,Elala,Middle,1,28,0,0
experiment_FAMINE_All_Aggressive_14,FAMINE,All_Aggressive,Aggressive,Jax,Rich,0,50,0,1
experiment_FAMINE_All_Aggressive_15,FAMINE,All_Aggressive,Aggressive,Kai,Poor,1,14,1,0
experiment_FAMINE_All_Aggressive_15,FAMINE,All_Aggressive,Aggressive,Elala,Middle,1,28,0,0
experiment_FAMINE_All_Aggressive_15,FAMINE,All_Aggressive,Aggressive,Jax,Rich,0,50,0,1
experiment_FAMINE_All_Aggressive_16,FAMINE,All_Aggressive,Aggressive,Kai,Poor,1,16,1,0
experiment_FAMINE_All_Aggressive_16,FAMINE,All_Aggressive,Aggressive,Elala,Middle,1,28,0,0
experiment_FAMINE_All_Aggressive_16,FAMINE,All_Aggressive,Aggressive,Jax,Rich,0,50,0,1
experiment_FAMINE_All_Aggressive_17,FAMINE,All_Aggressive,Aggressive,Kai,Poor,1,16,1,0
experiment_FAMINE_All_Aggressive_17,FAMINE,All_Aggressive,Aggressive,Elala,Middle,1,29,0,0
experiment_FAMINE_All_Aggressive_17,FAMINE,All_Aggressive,Aggressive,Jax,Rich,0,50,0,1
experiment_FAMINE_All_Aggressive_18,FAMINE,All_Aggressive,Aggressive,Kai,Poor,1,16,1,0
experiment_FAMINE_All_Aggressive_18,FAMINE,All_Aggressive,Aggressive,Elala,Middle,1,31,0,0
experiment_FAMINE_All_Aggressive_18,FAMINE,All_Aggressive,Aggressive,Jax,Rich,0,50,0,1
experiment_FAMINE_All_Aggressive_19,FAMINE,All_Aggressive,Aggressive,Kai,Poor,1,16,1,0
experiment_FAMINE_All_Aggressive_19,FAMINE,All_Aggressive,Aggressive,Elala,Middle,1,30,0,0
experiment_FAMINE_All_Aggressive_19,FAMINE,All_Aggressive,Aggressive,Jax,Rich,0,50,0,1
experiment_FAMINE_All_Aggressive_20,FAMINE,All_Aggressive,Aggressive,Kai,Poor,1,10,1,0
experiment_FAMINE_All_Aggressive_20,FAMINE,All_Aggressive,Aggressive,Elala,Middle,1,32,0,0
experiment_FAMINE_All_Aggressive_20,FAMINE,All_Aggressive,Aggressive,Jax,Rich,0,50,0,1
experiment_FAMINE_All_Aggressive_21,FAMINE,All_Aggressive,Aggressive,Kai,Poor,1,14,1,0
experiment_FAMINE_All_Aggressive_21,FAMINE,All_Aggressive,Aggressive,Elala,Middle,1,22,0,0
experiment_FAMINE_All_Aggressive_21,FAMINE,All_Aggressive,Aggressive,Jax,Rich,0,50,0,1
experiment_FAMINE_All_Aggressive_22,FAMINE,All_Aggressive,Aggressive,Kai,Poor,1,16,1,0
experiment_FAMINE_All_Aggressive_22,FAMINE,All_Aggressive,Aggressive,Elala,Middle,1,30,0,0
experiment_FAMINE_All_Aggressive_22,FAMINE,All_Aggressive,Aggressive,Jax,Rich,0,50,0,1
experiment_FAMINE_All_Aggressive_23,FAMINE,All_Aggressive,Aggressive,Kai,Poor,1,13,1,0
experiment_FAMINE_All_Aggressive_23,FAMINE,All_Aggressive,Aggressive,Elala,Middle,1,28,0,0
experiment_FAMINE_All_Aggressive_23,FAMINE,All_Aggressive,Aggressive,Jax,Rich,0,50,0,1
experiment_FAMINE_All_Aggressive_24,FAMINE,All_Aggressive,Aggressive,Kai,Poor,1,16,1,0
experiment_FAMINE_All_Aggressive_24,FAMINE,All_Aggressive,Aggressive,Elala,Middle,1,29,0,0
experiment_FAMINE_All_Aggressive_24,FAMINE,All_Aggressive,Aggressive,Jax,Rich,0,50,0,1
experiment_FAMINE_All_Aggressive_25,FAMINE,All_Aggressive,Aggressive,Kai,Poor,1,13,1,0
experiment_FAMINE_All_Aggressive_25,FAMINE,All_Aggressive,Aggressive,Elala,Middle,1,25,0,0
experiment_FAMINE_All_Aggressive_25,FAMINE,All_Aggressive,Aggressive,Jax,Rich,0,50,0,1
experiment_FAMINE_All_Aggressive_26,FAMINE,All_Aggressive,Aggressive,Kai,Poor,1,15,1,0
experiment_FAMINE_All_Aggressive_26,FAMINE,All_Aggressive,Aggressive,Elala,Middle,1,31,0,0
experiment_FAMINE_All_Aggressive_26,FAMINE,All_Aggressive,Aggressive,Jax,Rich,0,50,0,1
experiment_FAMINE_All_Aggressive_27,FAMINE,All_Aggressive,Aggressive,Kai,Poor,1,16,1,0
experiment_FAMINE_All_Aggressive_27,FAMINE,All_Aggressive,Aggressive,Elala,Middle,1,28,0,0
experiment_FAMINE_All_Aggressive_27,FAMINE,All_Aggressive,Aggressive,Jax,Rich,0,50,0,1
experiment_FAMINE_All_Aggressive_28,FAMINE,All_Aggressive,Aggressive,Kai,Poor,1,15,1,0
experiment_FAMINE_All_Aggressive_28,FAMINE,All_Aggressive,Aggressive,Elala,Middle,1,30,0,0
experiment_FAMINE_All_Aggressive_28,FAMINE,All_Aggressive,Aggressive,Jax,Rich,0,50,0,1
experiment_FAMINE_All_Aggressive_29,FAMINE,All_Aggressive,Aggressive,Kai,Poor,1,16,1,0
experiment_FAMINE_All_Aggressive_29,FAMINE,All_Aggressive,Aggressive,Elala,Middle,1,28,0,0
experiment_FAMINE_All_Aggressive_29,FAMINE,All_Aggressive,Aggressive,Jax,Rich,0,50,0,1
experiment_FAMINE_All_Aggressive_30,FAMINE,All_Aggressive,Aggressive,Kai,Poor,1,16,1,0
experiment_FAMINE_All_Aggressive_30,FAMINE,All_Aggressive,Aggressive,Elala,Middle,1,31,0,0
experiment_FAMINE_All_Aggressive_30,FAMINE,All_Aggressive,Aggressive,Jax,Rich,0,50,0,1
experiment_FAMINE_All_Aggressive_31,FAMINE,All_Aggressive,Aggressive,Kai,Poor,1,16,1,0
experiment_FAMINE_All_Aggressive_31,FAMINE,All_Aggressive,Aggressive,Elala,Middle,1,29,0,0
experiment_FAMINE_All_Aggressive_31,FAMINE,All_Aggressive,Aggressive,Jax,Rich,0,50,0,1
experiment_FAMINE_All_Aggressive_32,FAMINE,All_Aggressive,Aggressive,Kai,Poor,1,14,1,0
experiment_FAMINE_All_Aggressive_32,FAMINE,All_Aggressive,Aggressive,Elala,Middle,1,29,0,0
experiment_FAMINE_All_Aggressive_32,FAMINE,All_Aggressive,Aggressive,Jax,Rich,0,50,0,1
experiment_FAMINE_All_Aggressive_33,FAMINE,All_Aggressive,Aggressive,Kai,Poor,1,12,1,0
experiment_FAMINE_All_Aggressive_33,FAMINE,All_Aggressive,Aggressive,Elala,Middle,1,28,0,0
experiment_FAMINE_All_Aggressive_33,FAMINE,All_Aggressive,Aggressive,Jax,Rich,0,50,0,1
experiment_FAMINE_All_Aggressive_34,FAMINE,All_Aggressive,Aggressive,Kai,Poor,1,15,1,0
experiment_FAMINE_All_Aggressive_34,FAMINE,All_Aggressive,Aggressive,Elala,Middle,1,31,0,0
experiment_FAMINE_All_Aggressive_34,FAMINE,All_Aggressive,Aggressive,Jax,Rich,0,50,0,1
experiment_FAMINE_All_Aggressive_35,FAMINE,All_Aggressive,Aggressive,Kai,Poor,1,15,1,0
experiment_FAMINE_All_Aggressive_35,FAMINE,All_Aggressive,Aggressive,Elala,Middle,1,32,0,0
experiment_FAMINE_All_Aggressive_35,FAMINE,All_Aggressive,Aggressive,Jax,Rich,0,50,0,1
experiment_FAMINE_All_Aggressive_36,FAMINE,All_Aggressive,Aggressive,Kai,Poor,1,16,1,0
experiment_FAMINE_All_Aggressive_36,FAMINE,All_Aggressive,Aggressive,Elala,Middle,1,34,0,0
experiment_FAMINE_All_Aggressive_36,FAMINE,All_Aggressive,Aggressive,Jax,Rich,0,50,0,1
experiment_FAMINE_All_Aggressive_37,FAMINE,All_Aggressive,Aggressive,Kai,Poor,1,16,1,0
experiment_FAMINE_All_Aggressive_37,FAMINE,All_Aggressive,Aggressive,Elala,Middle,1,27,0,0
experiment_FAMINE_All_Aggressive_37,FAMINE,All_Aggressive,Aggressive,Jax,Rich,0,50,0,1
experiment_FAMINE_All_Aggressive_38,FAMINE,All_Aggressive,Aggressive,Kai,Poor,1,16,1,0
experiment_FAMINE_All_Aggressive_38,FAMINE,All_Aggressive,Aggressive,Elala,Middle,1,29,0,0
experiment_FAMINE_All_Aggressive_38,FAMINE,All_Aggressive,Aggressive,Jax,Rich,0,50,0,1
experiment_FAMINE_All_Aggressive_39,FAMINE,All_Aggressive,Aggressive,Kai,Poor,1,14,1,0
experiment_FAMINE_All_Aggressive_39,FAMINE,All_Aggressive,Aggressive,Elala,Middle,1,30,0,0
experiment_FAMINE_All_Aggressive_39,FAMINE,All_Aggressive,Aggressive,Jax,Rich,0,50,0,1
experiment_FAMINE_All_Aggressive_40,FAMINE,All_Aggressive,Aggressive,Kai,Poor,1,13,1,0
experiment_FAMINE_All_Aggressive_40,FAMINE,All_Aggressive,Aggressive,Elala,Middle,1,28,0,0
experiment_FAMINE_All_Aggressive_40,FAMINE,All_Aggressive,Aggressive,Jax,Rich,0,50,0,1
experiment_FAMINE_All_Aggressive_41,FAMINE,All_Aggressive,Aggressive,Kai,Poor,1,16,1,0
experiment_FAMINE_All_Aggressive_41,FAMINE,All_Aggressive,Aggressive,Elala,Middle,1,31,0,0
experiment_FAMINE_All_Aggressive_41,FAMINE,All_Aggressive,Aggressive,Jax,Rich,0,50,0,1
experiment_FAMINE_All_Aggressive_42,FAMINE,All_Aggressive,Aggressive,Kai,Poor,1,15,1,0
experiment_FAMINE_All_Aggressive_42,FAMINE,All_Aggressive,Aggressive,Elala,Middle,1,28,0,0
experiment_FAMINE_All_Aggressive_42,FAMINE,All_Aggressive,Aggressive,Jax,Rich,0,50,0,1
experiment_FAMINE_All_Aggressive_43,FAMINE,All_Aggressive,Aggressive,Kai,Poor,1,12,1,0
experiment_FAMINE_All_Aggressive_43,FAMINE,All_Aggressive,Aggressive,Elala,Middle,1,30,0,0
experiment_FAMINE_All_Aggressive_43,FAMINE,All_Aggressive,Aggressive,Jax,Rich,0,50,0,1
experiment_FAMINE_All_Aggressive_44,FAMINE,All_Aggressive,Aggressive,Kai,Poor,1,16,1,0
experiment_FAMINE_All_Aggressive_44,FAMINE,All_Aggressive,Aggressive,Elala,Middle,1,31,0,0
experiment_FAMINE_All_Aggressive_44,FAMINE,All_Aggressive,Aggressive,Jax,Rich,0,50,0,1
experiment_FAMINE_All_Aggressive_45,FAMINE,All_Aggressive,Aggressive,Kai,Poor,1,16,1,0
experiment_FAMINE_All_Aggressive_45,FAMINE,All_Aggressive,Aggressive,Elala,Middle,1,28,0,0
experiment_FAMINE_All_Aggressive_45,FAMINE,All_Aggressive,Aggressive,Jax,Rich,0,50,0,1
experiment_FAMINE_All_Aggressive_46,FAMINE,All_Aggressive,Aggressive,Kai,Poor,1,14,1,0
experiment_FAMINE_All_Aggressive_46,FAMINE,All_Aggressive,Aggressive,Elala,Middle,1,31,0,0
experiment_FAMINE_All_Aggressive_46,FAMINE,All_Aggressive,Aggressive,Jax,Rich,0,50,0,1
experiment_FAMINE_All_Aggressive_47,FAMINE,All_Aggressive,Aggressive,Kai,Poor,1,15,1,0
experiment_FAMINE_All_Aggressive_47,FAMINE,All_Aggressive,Aggressive,Elala,Middle,1,29,0,0
experiment_FAMINE_All_Aggressive_47,FAMINE,All_Aggressive,Aggressive,Jax,Rich,0,50,0,1
experiment_FAMINE_All_Aggressive_48,FAMINE,All_Aggressive,Aggressive,Kai,Poor,1,16,1,0
experiment_FAMINE_All_Aggressive_48,FAMINE,All_Aggressive,Aggressive,Elala,Middle,1,30,0,0
experiment_FAMINE_All_Aggressive_48,FAMINE,All_Aggressive,Aggressive,Jax,Rich,0,50,0,1
experiment_FAMINE_All_Aggressive_49,FAMINE,All_Aggressive,Aggressive,Kai,Poor,1,13,1,0
experiment_FAMINE_All_Aggressive_49,FAMINE,All_Aggressive,Aggressive,Elala,Middle,1,31,0,0
experiment_FAMINE_All_Aggressive_49,FAMINE,All_Aggressive,Aggressive,Jax,Rich,0,50,0,1
experiment_FAMINE_All_Aggressive_50,FAMINE,All_Aggressive,Aggressive,Kai,Poor,1,15,1,0
experiment_FAMINE_All_Aggressive_50,FAMINE,All_Aggressive,Aggressive,Elala,Middle,1,29,0,0
experiment_FAMINE_All_Aggressive_50,FAMINE,All_Aggressive,Aggressive,Jax,Rich,0,50,0,1
experiment_FAMINE_All_Altruistic_01,FAMINE,All_Altruistic,Altruistic,Kai,Poor,1,16,1,0
experiment_FAMINE_All_Altruistic_01,FAMINE,All_Altruistic,Altruistic,Elala,Middle,1,29,0,0
experiment_FAMINE_All_Altruistic_01,FAMINE,All_Altruistic,Altruistic,Jax,Rich,0,50,0,1
experiment_FAMINE_All_Altruistic_02,FAMINE,All_Altruistic,Altruistic,Kai,Poor,1,18,1,0
experiment_FAMINE_All_Altruistic_02,FAMINE,All_Altruistic,Altruistic,Elala,Middle,1,24,0,0
experiment_FAMINE_All_Altruistic_02,FAMINE,All_Altruistic,Altruistic,Jax,Rich,0,50,0,1
experiment_FAMINE_All_Altruistic_03,FAMINE,All_Altruistic,Altruistic,Kai,Poor,1,15,1,0
experiment_FAMINE_All_Altruistic_03,FAMINE,All_Altruistic,Altruistic,Elala,Middle,1,30,0,0
experiment_FAMINE_All_Altruistic_03,FAMINE,All_Altruistic,Altruistic,Jax,Rich,0,50,0,1
experiment_FAMINE_All_Altruistic_04,FAMINE,All_Altruistic,Altruistic,Kai,Poor,1,15,1,0
experiment_FAMINE_All_Altruistic_04,FAMINE,All_Altruistic,Altruistic,Elala,Middle,0,50,0,1
experiment_FAMINE_All_Altruistic_04,FAMINE,All_Altruistic,Altruistic,Jax,Rich,1,35,0,0
experiment_FAMINE_All_Altruistic_05,FAMINE,All_Altruistic,Altruistic,Kai,Poor,1,15,1,0
experiment_FAMINE_All_Altruistic_05,FAMINE,All_Altruistic,Altruistic,Elala,Middle,0,50,0,1
experiment_FAMINE_All_Altruistic_05,FAMINE,All_Altruistic,Altruistic,Jax,Rich,1,34,0,0
experiment_FAMINE_All_Altruistic_06,FAMINE,All_Altruistic,Altruistic,Kai,Poor,1,20,1,0
experiment_FAMINE_All_Altruistic_06,FAMINE,All_Altruistic,Altruistic,Elala,Middle,1,26,0,0
experiment_FAMINE_All_Altruistic_06,FAMINE,All_Altruistic,Altruistic,Jax,Rich,0,50,0,1
experiment_FAMINE_All_Altruistic_07,FAMINE,All_Altruistic,Altruistic,Kai,Poor,1,13,1,0
experiment_FAMINE_All_Altruistic_07,FAMINE,All_Altruistic,Altruistic,Elala,Middle,1,30,0,0
experiment_FAMINE_All_Altruistic_07,FAMINE,All_Altruistic,Altruistic,Jax,Rich,0,50,0,1
experiment_FAMINE_All_Altruistic_08,FAMINE,All_Altruistic,Altruistic,Kai,Poor,1,15,1,0
experiment_FAMINE_All_Altruistic_08,FAMINE,All_Altruistic,Altruistic,Elala,Middle,1,35,0,0
experiment_FAMINE_All_Altruistic_08,FAMINE,All_Altruistic,Altruistic,Jax,Rich,0,50,0,1
experiment_FAMINE_All_Altruistic_09,FAMINE,All_Altruistic,Altruistic,Kai,Poor,1,15,1,0
experiment_FAMINE_All_Altruistic_09,FAMINE,All_Altruistic,Altruistic,Elala,Middle,1,31,0,0
experiment_FAMINE_All_Altruistic_09,FAMINE,All_Altruistic,Altruistic,Jax,Rich,0,50,0,1
experiment_FAMINE_All_Altruistic_10,FAMINE,All_Altruistic,Altruistic,Kai,Poor,1,16,1,0
experiment_FAMINE_All_Altruistic_10,FAMINE,All_Altruistic,Altruistic,Elala,Middle,1,35,0,0
experiment_FAMINE_All_Altruistic_10,FAMINE,All_Altruistic,Altruistic,Jax,Rich,0,50,0,1
experiment_FAMINE_All_Altruistic_11,FAMINE,All_Altruistic,Altruistic,Kai,Poor,1,15,1,0
experiment_FAMINE_All_Altruistic_11,FAMINE,All_Altruistic,Altruistic,Elala,Middle,0,50,0,1
experiment_FAMINE_All_Altruistic_11,FAMINE,All_Altruistic,Altruistic,Jax,Rich,1,35,0,0
experiment_FAMINE_All_Altruistic_12,FAMINE,All_Altruistic,Altruistic,Kai,Poor,1,14,1,0
experiment_FAMINE_All_Altruistic_12,FAMINE,All_Altruistic,Altruistic,Elala,Middle,1,29,0,0
experiment_FAMINE_All_Altruistic_12,FAMINE,All_Altruistic,Altruistic,Jax,Rich,0,50,0,1
experiment_FAMINE_All_Altruistic_13,FAMINE,All_Altruistic,Altruistic,Kai,Poor,1,26,1,0
experiment_FAMINE_All_Altruistic_13,FAMINE,All_Altruistic,Altruistic,Elala,Middle,0,50,0,1
experiment_FAMINE_All_Altruistic_13,FAMINE,All_Altruistic,Altruistic,Jax,Rich,1,30,0,0
experiment_FAMINE_All_Altruistic_14,FAMINE,All_Altruistic,Altruistic,Kai,Poor,1,15,1,0
experiment_FAMINE_All_Altruistic_14,FAMINE,All_Altruistic,Altruistic,Elala,Middle,1,31,0,0
experiment_FAMINE_All_Altruistic_14,FAMINE,All_Altruistic,Altruistic,Jax,Rich,0,50,0,1
experiment_FAMINE_All_Altruistic_15,FAMINE,All_Altruistic,Altruistic,Kai,Poor,1,15,1,0
experiment_FAMINE_All_Altruistic_15,FAMINE,All_Altruistic,Altruistic,Elala,Middle,1,27,0,0
experiment_FAMINE_All_Altruistic_15,FAMINE,All_Altruistic,Altruistic,Jax,Rich,0,50,0,1
experiment_FAMINE_All_Altruistic_16,FAMINE,All_Altruistic,Altruistic,Kai,Poor,1,20,1,0
experiment_FAMINE_All_Altruistic_16,FAMINE,All_Altruistic,Altruistic,Elala,Middle,1,22,0,0
experiment_FAMINE_All_Altruistic_16,FAMINE,All_Altruistic,Altruistic,Jax,Rich,0,50,0,1
experiment_FAMINE_All_Altruistic_17,FAMINE,All_Altruistic,Altruistic,Kai,Poor,1,14,1,0
experiment_FAMINE_All_Altruistic_17,FAMINE,All_Altruistic,Altruistic,Elala,Middle,0,50,0,1
experiment_FAMINE_All_Altruistic_17,FAMINE,All_Altruistic,Altruistic,Jax,Rich,1,35,0,0
experiment_FAMINE_All_Altruistic_18,FAMINE,All_Altruistic,Altruistic,Kai,Poor,1,16,1,0
experiment_FAMINE_All_Altruistic_18,FAMINE,All_Altruistic,Altruistic,Elala,Middle,1,36,0,0
experiment_FAMINE_All_Altruistic_18,FAMINE,All_Altruistic,Altruistic,Jax,Rich,1,36,0,0
experiment_FAMINE_All_Altruistic_19,FAMINE,All_Altruistic,Altruistic,Kai,Poor,1,15,1,0
experiment_FAMINE_All_Altruistic_19,FAMINE,All_Altruistic,Altruistic,Elala,Middle,0,50,0,1
experiment_FAMINE_All_Altruistic_19,FAMINE,All_Altruistic,Altruistic,Jax,Rich,1,36,0,0
experiment_FAMINE_All_Altruistic_20,FAMINE,All_Altruistic,Altruistic,Kai,Poor,1,24,1,0
experiment_FAMINE_All_Altruistic_20,FAMINE,All_Altruistic,Altruistic,Elala,Middle,0,50,0,1
experiment_FAMINE_All_Altruistic_20,FAMINE,All_Altruistic,Altruistic,Jax,Rich,1,29,0,0
experiment_FAMINE_All_Altruistic_21,FAMINE,All_Altruistic,Altruistic,Kai,Poor,1,16,1,0
experiment_FAMINE_All_Altruistic_21,FAMINE,All_Altruistic,Altruistic,Elala,Middle,1,30,0,0
experiment_FAMINE_All_Altruistic_21,FAMINE,All_Altruistic,Altruistic,Jax,Rich,0,50,0,1
experiment_FAMINE_All_Altruistic_22,FAMINE,All_Altruistic,Altruistic,Kai,Poor,1,13,1,0
experiment_FAMINE_All_Altruistic_22,FAMINE,All_Altruistic,Altruistic,Elala,Middle,1,31,0,0
experiment_FAMINE_All_Altruistic_22,FAMINE,All_Altruistic,Altruistic,Jax,Rich,0,50,0,1
experiment_FAMINE_All_Altruistic_23,FAMINE,All_Altruistic,Altruistic,Kai,Poor,1,15,1,0
experiment_FAMINE_All_Altruistic_23,FAMINE,All_Altruistic,Altruistic,Elala,Middle,1,31,0,0
experiment_FAMINE_All_Altruistic_23,FAMINE,All_Altruistic,Altruistic,Jax,Rich,0,50,0,1
experiment_FAMINE_All_Altruistic_24,FAMINE,All_Altruistic,Altruistic,Kai,Poor,1,13,1,0
experiment_FAMINE_All_Altruistic_24,FAMINE,All_Altruistic,Altruistic,Elala,Middle,1,31,0,0
experiment_FAMINE_All_Altruistic_24,FAMINE,All_Altruistic,Altruistic,Jax,Rich,0,50,0,1
experiment_FAMINE_All_Altruistic_25,FAMINE,All_Altruistic,Altruistic,Kai,Poor,1,14,1,0
experiment_FAMINE_All_Altruistic_25,FAMINE,All_Altruistic,Altruistic,Elala,Middle,1,30,0,0
experiment_FAMINE_All_Altruistic_25,FAMINE,All_Altruistic,Altruistic,Jax,Rich,0,50,0,1
experiment_FAMINE_All_Altruistic_26,FAMINE,All_Altruistic,Altruistic,Kai,Poor,1,15,1,0
experiment_FAMINE_All_Altruistic_26,FAMINE,All_Altruistic,Altruistic,Elala,Middle,1,30,0,0
experiment_FAMINE_All_Altruistic_26,FAMINE,All_Altruistic,Altruistic,Jax,Rich,0,50,0,1
experiment_FAMINE_All_Altruistic_27,FAMINE,All_Altruistic,Altruistic,Kai,Poor,1,15,1,0
experiment_FAMINE_All_Altruistic_27,FAMINE,All_Altruistic,Altruistic,Elala,Middle,1,31,0,0
experiment_FAMINE_All_Altruistic_27,FAMINE,All_Altruistic,Altruistic,Jax,Rich,0,50,0,1
experiment_FAMINE_All_Altruistic_28,FAMINE,All_Altruistic,Altruistic,Kai,Poor,1,13,1,0
experiment_FAMINE_All_Altruistic_28,FAMINE,All_Altruistic,Altruistic,Elala,Middle,1,31,0,0
experiment_FAMINE_All_Altruistic_28,FAMINE,All_Altruistic,Altruistic,Jax,Rich,0,50,0,1
experiment_FAMINE_All_Altruistic_29,FAMINE,All_Altruistic,Altruistic,Kai,Poor,1,13,1,0
experiment_FAMINE_All_Altruistic_29,FAMINE,All_Altruistic,Altruistic,Elala,Middle,1,31,0,0
experiment_FAMINE_All_Altruistic_29,FAMINE,All_Altruistic,Altruistic,Jax,Rich,0,50,0,1
experiment_FAMINE_All_Altruistic_30,FAMINE,All_Altruistic,Altruistic,Kai,Poor,1,16,1,0
experiment_FAMINE_All_Altruistic_30,FAMINE,All_Altruistic,Altruistic,Elala,Middle,0,50,0,1
experiment_FAMINE_All_Altruistic_30,FAMINE,All_Altruistic,Altruistic,Jax,Rich,1,33,0,0
experiment_FAMINE_All_Altruistic_31,FAMINE,All_Altruistic,Altruistic,Kai,Poor,1,15,1,0
experiment_FAMINE_All_Altruistic_31,FAMINE,All_Altruistic,Altruistic,Elala,Middle,1,34,0,0
experiment_FAMINE_All_Altruistic_31,FAMINE,All_Altruistic,Altruistic,Jax,Rich,0,50,0,1
experiment_FAMINE_All_Altruistic_32,FAMINE,All_Altruistic,Altruistic,Kai,Poor,1,15,1,0
experiment_FAMINE_All_Altruistic_32,FAMINE,All_Altruistic,Altruistic,Elala,Middle,1,31,0,0
experiment_FAMINE_All_Altruistic_32,FAMINE,All_Altruistic,Altruistic,Jax,Rich,0,50,0,1
experiment_FAMINE_All_Altruistic_33,FAMINE,All_Altruistic,Altruistic,Kai,Poor,1,16,1,0
experiment_FAMINE_All_Altruistic_33,FAMINE,All_Altruistic,Altruistic,Elala,Middle,1,30,0,0
experiment_FAMINE_All_Altruistic_33,FAMINE,All_Altruistic,Altruistic,Jax,Rich,0,50,0,1
experiment_FAMINE_All_Altruistic_34,FAMINE,All_Altruistic,Altruistic,Kai,Poor,1,15,1,0
experiment_FAMINE_All_Altruistic_34,FAMINE,All_Altruistic,Altruistic,Elala,Middle,1,30,0,0
experiment_FAMINE_All_Altruistic_34,FAMINE,All_Altruistic,Altruistic,Jax,Rich,0,50,0,1
experiment_FAMINE_All_Altruistic_35,FAMINE,All_Altruistic,Altruistic,Kai,Poor,1,15,1,0
experiment_FAMINE_All_Altruistic_35,FAMINE,All_Altruistic,Altruistic,Elala,Middle,1,27,0,0
experiment_FAMINE_All_Altruistic_35,FAMINE,All_Altruistic,Altruistic,Jax,Rich,0,50,0,1
experiment_FAMINE_All_Altruistic_36,FAMINE,All_Altruistic,Altruistic,Kai,Poor,1,15,1,0
experiment_FAMINE_All_Altruistic_36,FAMINE,All_Altruistic,Altruistic,Elala,Middle,0,50,0,1
experiment_FAMINE_All_Altruistic_36,FAMINE,All_Altruistic,Altruistic,Jax,Rich,1,35,0,0
experiment_FAMINE_All_Altruistic_37,FAMINE,All_Altruistic,Altruistic,Kai,Poor,1,15,1,0
experiment_FAMINE_All_Altruistic_37,FAMINE,All_Altruistic,Altruistic,Elala,Middle,1,36,0,0
experiment_FAMINE_All_Altruistic_37,FAMINE,All_Altruistic,Altruistic,Jax,Rich,1,36,0,0
experiment_FAMINE_All_Altruistic_38,FAMINE,All_Altruistic,Altruistic,Kai,Poor,1,15,1,0
experiment_FAMINE_All_Altruistic_38,FAMINE,All_Altruistic,Altruistic,Elala,Middle,1,28,0,0
experiment_FAMINE_All_Altruistic_38,FAMINE,All_Altruistic,Altruistic,Jax,Rich,0,50,0,1
experiment_FAMINE_All_Altruistic_39,FAMINE,All_Altruistic,Altruistic,Kai,Poor,1,15,1,0
experiment_FAMINE_All_Altruistic_39,FAMINE,All_Altruistic,Altruistic,Elala,Middle,1,35,0,0
experiment_FAMINE_All_Altruistic_39,FAMINE,All_Altruistic,Altruistic,Jax,Rich,0,50,0,1
experiment_FAMINE_All_Altruistic_40,FAMINE,All_Altruistic,Altruistic,Kai,Poor,1,13,1,0
experiment_FAMINE_All_Altruistic_40,FAMINE,All_Altruistic,Altruistic,Elala,Middle,1,36,0,0
experiment_FAMINE_All_Altruistic_40,FAMINE,All_Altruistic,Altruistic,Jax,Rich,1,36,0,0
experiment_FAMINE_All_Altruistic_41,FAMINE,All_Altruistic,Altruistic,Kai,Poor,1,12,1,0
experiment_FAMINE_All_Altruistic_41,FAMINE,All_Altruistic,Altruistic,Elala,Middle,1,34,0,0
experiment_FAMINE_All_Altruistic_41,FAMINE,All_Altruistic,Altruistic,Jax,Rich,1,34,0,0
experiment_FAMINE_All_Altruistic_42,FAMINE,All_Altruistic,Altruistic,Kai,Poor,1,16,1,0
experiment_FAMINE_All_Altruistic_42,FAMINE,All_Altruistic,Altruistic,Elala,Middle,1,30,0,0
experiment_FAMINE_All_Altruistic_42,FAMINE,All_Altruistic,Altruistic,Jax,Rich,0,50,0,1
experiment_FAMINE_All_Altruistic_43,FAMINE,All_Altruistic,Altruistic,Kai,Poor,1,15,1,0
experiment_FAMINE_All_Altruistic_43,FAMINE,All_Altruistic,Altruistic,Elala,Middle,1,35,0,0
experiment_FAMINE_All_Altruistic_43,FAMINE,All_Altruistic,Altruistic,Jax,Rich,1,35,0,0
experiment_FAMINE_All_Altruistic_44,FAMINE,All_Altruistic,Altruistic,Kai,Poor,1,15,1,0
experiment_FAMINE_All_Altruistic_44,FAMINE,All_Altruistic,Altruistic,Elala,Middle,1,31,0,0
experiment_FAMINE_All_Altruistic_44,FAMINE,All_Altruistic,Altruistic,Jax,Rich,0,50,0,1
experiment_FAMINE_All_Altruistic_45,FAMINE,All_Altruistic,Altruistic,Kai,Poor,1,15,1,0
experiment_FAMINE_All_Altruistic_45,FAMINE,All_Altruistic,Altruistic,Elala,Middle,1,30,0,0
experiment_FAMINE_All_Altruistic_45,FAMINE,All_Altruistic,Altruistic,Jax,Rich,0,50,0,1
experiment_FAMINE_All_Altruistic_46,FAMINE,All_Altruistic,Altruistic,Kai,Poor,1,13,1,0
experiment_FAMINE_All_Altruistic_46,FAMINE,All_Altruistic,Altruistic,Elala,Middle,1,30,0,0
experiment_FAMINE_All_Altruistic_46,FAMINE,All_Altruistic,Altruistic,Jax,Rich,0,50,0,1
experiment_FAMINE_All_Altruistic_47,FAMINE,All_Altruistic,Altruistic,Kai,Poor,1,14,1,0
experiment_FAMINE_All_Altruistic_47,FAMINE,All_Altruistic,Altruistic,Elala,Middle,0,50,0,1
experiment_FAMINE_All_Altruistic_47,FAMINE,All_Altruistic,Altruistic,Jax,Rich,1,35,0,0
experiment_FAMINE_All_Altruistic_48,FAMINE,All_Altruistic,Altruistic,Kai,Poor,0,50,0,1
experiment_FAMINE_All_Altruistic_48,FAMINE,All_Altruistic,Altruistic,Elala,Middle,1,29,0,0
experiment_FAMINE_All_Altruistic_48,FAMINE,All_Altruistic,Altruistic,Jax,Rich,1,25,1,0
experiment_FAMINE_All_Altruistic_49,FAMINE,All_Altruistic,Altruistic,Kai,Poor,1,14,1,0
experiment_FAMINE_All_Altruistic_49,FAMINE,All_Altruistic,Altruistic,Elala,Middle,1,28,0,0
experiment_FAMINE_All_Altruistic_49,FAMINE,All_Altruistic,Altruistic,Jax,Rich,0,50,0,1
experiment_FAMINE_All_Altruistic_50,FAMINE,All_Altruistic,Altruistic,Kai,Poor,1,15,1,0
experiment_FAMINE_All_Altruistic_50,FAMINE,All_Altruistic,Altruistic,Elala,Middle,1,30,0,0
experiment_FAMINE_All_Altruistic_50,FAMINE,All_Altruistic,Altruistic,Jax,Rich,0,50,0,1
experiment_FAMINE_All_Dominant_01,FAMINE,All_Dominant,Dominant,Kai,Poor,1,11,1,0
experiment_FAMINE_All_Dominant_01,FAMINE,All_Dominant,Dominant,Elala,Middle,1,25,0,0
experiment_FAMINE_All_Dominant_01,FAMINE,All_Dominant,Dominant,Jax,Rich,0,50,0,1
experiment_FAMINE_All_Dominant_02,FAMINE,All_Dominant,Dominant,Kai,Poor,1,13,1,0
experiment_FAMINE_All_Dominant_02,FAMINE,All_Dominant,Dominant,Elala,Middle,0,50,0,1
experiment_FAMINE_All_Dominant_02,FAMINE,All_Dominant,Dominant,Jax,Rich,0,50,0,1
experiment_FAMINE_All_Dominant_03,FAMINE,All_Dominant,Dominant,Kai,Poor,1,9,1,0
experiment_FAMINE_All_Dominant_03,FAMINE,All_Dominant,Dominant,Elala,Middle,1,24,0,0
experiment_FAMINE_All_Dominant_03,FAMINE,All_Dominant,Dominant,Jax,Rich,0,50,0,1
experiment_FAMINE_All_Dominant_04,FAMINE,All_Dominant,Dominant,Kai,Poor,1,16,1,0
experiment_FAMINE_All_Dominant_04,FAMINE,All_Dominant,Dominant,Elala,Middle,1,20,0,0
experiment_FAMINE_All_Dominant_04,FAMINE,All_Dominant,Dominant,Jax,Rich,0,50,0,1
experiment_FAMINE_All_Dominant_05,FAMINE,All_Dominant,Dominant,Kai,Poor,1,16,1,0
experiment_FAMINE_All_Dominant_05,FAMINE,All_Dominant,Dominant,Elala,Middle,1,26,0,0
experiment_FAMINE_All_Dominant_05,FAMINE,All_Dominant,Dominant,Jax,Rich,0,50,0,1
experiment_FAMINE_All_Dominant_06,FAMINE,All_Dominant,Dominant,Kai,Poor,1,12,1,0
experiment_FAMINE_All_Dominant_06,FAMINE,All_Dominant,Dominant,Elala,Middle,1,31,0,0
experiment_FAMINE_All_Dominant_06,FAMINE,All_Dominant,Dominant,Jax,Rich,0,50,0,1
experiment_FAMINE_All_Dominant_07,FAMINE,All_Dominant,Dominant,Kai,Poor,1,12,1,0
experiment_FAMINE_All_Dominant_07,FAMINE,All_Dominant,Dominant,Elala,Middle,1,31,0,0
experiment_FAMINE_All_Dominant_07,FAMINE,All_Dominant,Dominant,Jax,Rich,0,50,0,1
experiment_FAMINE_All_Dominant_08,FAMINE,All_Dominant,Dominant,Kai,Poor,1,13,1,0
experiment_FAMINE_All_Dominant_08,FAMINE,All_Dominant,Dominant,Elala,Middle,1,20,0,0
experiment_FAMINE_All_Dominant_08,FAMINE,All_Dominant,Dominant,Jax,Rich,0,50,0,1
experiment_FAMINE_All_Dominant_09,FAMINE,All_Dominant,Dominant,Kai,Poor,1,15,1,0
experiment_FAMINE_All_Dominant_09,FAMINE,All_Dominant,Dominant,Elala,Middle,0,50,0,1
experiment_FAMINE_All_Dominant_09,FAMINE,All_Dominant,Dominant,Jax,Rich,1,23,0,0
experiment_FAMINE_All_Dominant_10,FAMINE,All_Dominant,Dominant,Kai,Poor,1,11,1,0
experiment_FAMINE_All_Dominant_10,FAMINE,All_Dominant,Dominant,Elala,Middle,1,24,0,0
experiment_FAMINE_All_Dominant_10,FAMINE,All_Dominant,Dominant,Jax,Rich,0,50,0,1
experiment_FAMINE_All_Dominant_11,FAMINE,All_Dominant,Dominant,Kai,Poor,1,13,1,0
experiment_FAMINE_All_Dominant_11,FAMINE,All_Dominant,Dominant,Elala,Middle,1,28,0,0
experiment_FAMINE_All_Dominant_11,FAMINE,All_Dominant,Dominant,Jax,Rich,0,50,0,1
experiment_FAMINE_All_Dominant_12,FAMINE,All_Dominant,Dominant,Kai,Poor,1,15,1,0
experiment_FAMINE_All_Dominant_12,FAMINE,All_Dominant,Dominant,Elala,Middle,1,30,0,0
experiment_FAMINE_All_Dominant_12,FAMINE,All_Dominant,Dominant,Jax,Rich,1,30,0,0
experiment_FAMINE_All_Dominant_13,FAMINE,All_Dominant,Dominant,Kai,Poor,1,9,1,0
experiment_FAMINE_All_Dominant_13,FAMINE,All_Dominant,Dominant,Elala,Middle,1,22,0,0
experiment_FAMINE_All_Dominant_13,FAMINE,All_Dominant,Dominant,Jax,Rich,0,50,0,1
experiment_FAMINE_All_Dominant_14,FAMINE,All_Dominant,Dominant,Kai,Poor,1,10,1,0
experiment_FAMINE_All_Dominant_14,FAMINE,All_Dominant,Dominant,Elala,Middle,1,22,0,0
experiment_FAMINE_All_Dominant_14,FAMINE,All_Dominant,Dominant,Jax,Rich,0,50,0,1
experiment_FAMINE_All_Dominant_15,FAMINE,All_Dominant,Dominant,Kai,Poor,1,14,1,0
experiment_FAMINE_All_Dominant_15,FAMINE,All_Dominant,Dominant,Elala,Middle,1,28,0,0
experiment_FAMINE_All_Dominant_15,FAMINE,All_Dominant,Dominant,Jax,Rich,0,50,0,1
experiment_FAMINE_All_Dominant_16,FAMINE,All_Dominant,Dominant,Kai,Poor,1,13,1,0
experiment_FAMINE_All_Dominant_16,FAMINE,All_Dominant,Dominant,Elala,Middle,1,26,0,0
experiment_FAMINE_All_Dominant_16,FAMINE,All_Dominant,Dominant,Jax,Rich,0,50,0,1
experiment_FAMINE_All_Dominant_17,FAMINE,All_Dominant,Dominant,Kai,Poor,1,11,1,0
experiment_FAMINE_All_Dominant_17,FAMINE,All_Dominant,Dominant,Elala,Middle,1,25,0,0
experiment_FAMINE_All_Dominant_17,FAMINE,All_Dominant,Dominant,Jax,Rich,0,50,0,1
experiment_FAMINE_All_Dominant_18,FAMINE,All_Dominant,Dominant,Kai,Poor,1,14,1,0
experiment_FAMINE_All_Dominant_18,FAMINE,All_Dominant,Dominant,Elala,Middle,1,19,0,0
experiment_FAMINE_All_Dominant_18,FAMINE,All_Dominant,Dominant,Jax,Rich,0,50,0,1
experiment_FAMINE_All_Dominant_19,FAMINE,All_Dominant,Dominant,Kai,Poor,1,14,1,0
experiment_FAMINE_All_Dominant_19,FAMINE,All_Dominant,Dominant,Elala,Middle,0,50,0,1
experiment_FAMINE_All_Dominant_19,FAMINE,All_Dominant,Dominant,Jax,Rich,0,50,0,1
experiment_FAMINE_All_Dominant_20,FAMINE,All_Dominant,Dominant,Kai,Poor,1,12,1,0
experiment_FAMINE_All_Dominant_20,FAMINE,All_Dominant,Dominant,Elala,Middle,1,29,0,0
experiment_FAMINE_All_Dominant_20,FAMINE,All_Dominant,Dominant,Jax,Rich,0,50,0,1
experiment_FAMINE_All_Dominant_21,FAMINE,All_Dominant,Dominant,Kai,Poor,1,16,1,0
experiment_FAMINE_All_Dominant_21,FAMINE,All_Dominant,Dominant,Elala,Middle,1,21,0,0
experiment_FAMINE_All_Dominant_21,FAMINE,All_Dominant,Dominant,Jax,Rich,0,50,0,1
experiment_FAMINE_All_Dominant_22,FAMINE,All_Dominant,Dominant,Kai,Poor,1,11,1,0
experiment_FAMINE_All_Dominant_22,FAMINE,All_Dominant,Dominant,Elala,Middle,1,26,0,0
experiment_FAMINE_All_Dominant_22,FAMINE,All_Dominant,Dominant,Jax,Rich,0,50,0,1
experiment_FAMINE_All_Dominant_23,FAMINE,All_Dominant,Dominant,Kai,Poor,1,10,1,0
experiment_FAMINE_All_Dominant_23,FAMINE,All_Dominant,Dominant,Elala,Middle,1,24,0,0
experiment_FAMINE_All_Dominant_23,FAMINE,All_Dominant,Dominant,Jax,Rich,0,50,0,1
experiment_FAMINE_All_Dominant_24,FAMINE,All_Dominant,Dominant,Kai,Poor,1,10,1,0
experiment_FAMINE_All_Dominant_24,FAMINE,All_Dominant,Dominant,Elala,Middle,1,27,0,0
experiment_FAMINE_All_Dominant_24,FAMINE,All_Dominant,Dominant,Jax,Rich,0,50,0,1
experiment_FAMINE_All_Dominant_25,FAMINE,All_Dominant,Dominant,Kai,Poor,1,14,1,0
experiment_FAMINE_All_Dominant_25,FAMINE,All_Dominant,Dominant,Elala,Middle,1,29,0,0
experiment_FAMINE_All_Dominant_25,FAMINE,All_Dominant,Dominant,Jax,Rich,0,50,0,1
experiment_FAMINE_All_Dominant_26,FAMINE,All_Dominant,Dominant,Kai,Poor,1,14,1,0
experiment_FAMINE_All_Dominant_26,FAMINE,All_Dominant,Dominant,Elala,Middle,1,29,0,0
experiment_FAMINE_All_Dominant_26,FAMINE,All_Dominant,Dominant,Jax,Rich,0,50,0,1
experiment_FAMINE_All_Dominant_27,FAMINE,All_Dominant,Dominant,Kai,Poor,1,15,1,0
experiment_FAMINE_All_Dominant_27,FAMINE,All_Dominant,Dominant,Elala,Middle,1,22,0,0
experiment_FAMINE_All_Dominant_27,FAMINE,All_Dominant,Dominant,Jax,Rich,0,50,0,1
experiment_FAMINE_All_Dominant_28,FAMINE,All_Dominant,Dominant,Kai,Poor,1,8,1,0
experiment_FAMINE_All_Dominant_28,FAMINE,All_Dominant,Dominant,Elala,Middle,1,28,0,0
experiment_FAMINE_All_Dominant_28,FAMINE,All_Dominant,Dominant,Jax,Rich,0,50,0,1
experiment_FAMINE_All_Dominant_29,FAMINE,All_Dominant,Dominant,Kai,Poor,1,13,1,0
experiment_FAMINE_All_Dominant_29,FAMINE,All_Dominant,Dominant,Elala,Middle,1,28,0,0
experiment_FAMINE_All_Dominant_29,FAMINE,All_Dominant,Dominant,Jax,Rich,0,50,0,1
experiment_FAMINE_All_Dominant_30,FAMINE,All_Dominant,Dominant,Kai,Poor,1,12,1,0
experiment_FAMINE_All_Dominant_30,FAMINE,All_Dominant,Dominant,Elala,Middle,1,28,0,0
experiment_FAMINE_All_Dominant_30,FAMINE,All_Dominant,Dominant,Jax,Rich,0,50,0,1
experiment_FAMINE_All_Dominant_31,FAMINE,All_Dominant,Dominant,Kai,Poor,1,12,1,0
experiment_FAMINE_All_Dominant_31,FAMINE,All_Dominant,Dominant,Elala,Middle,1,28,0,0
experiment_FAMINE_All_Dominant_31,FAMINE,All_Dominant,Dominant,Jax,Rich,0,50,0,1
experiment_FAMINE_All_Dominant_32,FAMINE,All_Dominant,Dominant,Kai,Poor,1,12,1,0
experiment_FAMINE_All_Dominant_32,FAMINE,All_Dominant,Dominant,Elala,Middle,1,18,0,0
experiment_FAMINE_All_Dominant_32,FAMINE,All_Dominant,Dominant,Jax,Rich,0,50,0,1
experiment_FAMINE_All_Dominant_33,FAMINE,All_Dominant,Dominant,Kai,Poor,1,12,1,0
experiment_FAMINE_All_Dominant_33,FAMINE,All_Dominant,Dominant,Elala,Middle,1,26,0,0
experiment_FAMINE_All_Dominant_33,FAMINE,All_Dominant,Dominant,Jax,Rich,0,50,0,1
experiment_FAMINE_All_Dominant_34,FAMINE,All_Dominant,Dominant,Kai,Poor,1,12,1,0
experiment_FAMINE_All_Dominant_34,FAMINE,All_Dominant,Dominant,Elala,Middle,1,26,0,0
experiment_FAMINE_All_Dominant_34,FAMINE,All_Dominant,Dominant,Jax,Rich,0,50,0,1
experiment_FAMINE_All_Dominant_35,FAMINE,All_Dominant,Dominant,Kai,Poor,1,12,1,0
experiment_FAMINE_All_Dominant_35,FAMINE,All_Dominant,Dominant,Elala,Middle,1,27,0,0
experiment_FAMINE_All_Dominant_35,FAMINE,All_Dominant,Dominant,Jax,Rich,0,50,0,1
experiment_FAMINE_All_Dominant_36,FAMINE,All_Dominant,Dominant,Kai,Poor,1,14,1,0
experiment_FAMINE_All_Dominant_36,FAMINE,All_Dominant,Dominant,Elala,Middle,1,22,0,0
experiment_FAMINE_All_Dominant_36,FAMINE,All_Dominant,Dominant,Jax,Rich,0,50,0,1
experiment_FAMINE_All_Dominant_37,FAMINE,All_Dominant,Dominant,Kai,Poor,1,11,1,0
experiment_FAMINE_All_Dominant_37,FAMINE,All_Dominant,Dominant,Elala,Middle,1,27,0,0
experiment_FAMINE_All_Dominant_37,FAMINE,All_Dominant,Dominant,Jax,Rich,0,50,0,1
experiment_FAMINE_All_Dominant_38,FAMINE,All_Dominant,Dominant,Kai,Poor,1,13,1,0
experiment_FAMINE_All_Dominant_38,FAMINE,All_Dominant,Dominant,Elala,Middle,1,24,0,0
experiment_FAMINE_All_Dominant_38,FAMINE,All_Dominant,Dominant,Jax,Rich,0,50,0,1
experiment_FAMINE_All_Dominant_39,FAMINE,All_Dominant,Dominant,Kai,Poor,1,12,1,0
experiment_FAMINE_All_Dominant_39,FAMINE,All_Dominant,Dominant,Elala,Middle,1,17,0,0
experiment_FAMINE_All_Dominant_39,FAMINE,All_Dominant,Dominant,Jax,Rich,0,50,0,1
experiment_FAMINE_All_Dominant_40,FAMINE,All_Dominant,Dominant,Kai,Poor,1,10,1,0
experiment_FAMINE_All_Dominant_40,FAMINE,All_Dominant,Dominant,Elala,Middle,1,24,0,0
experiment_FAMINE_All_Dominant_40,FAMINE,All_Dominant,Dominant,Jax,Rich,0,50,0,1
experiment_FAMINE_All_Dominant_41,FAMINE,All_Dominant,Dominant,Kai,Poor,1,12,1,0
experiment_FAMINE_All_Dominant_41,FAMINE,All_Dominant,Dominant,Elala,Middle,0,50,0,1
experiment_FAMINE_All_Dominant_41,FAMINE,All_Dominant,Dominant,Jax,Rich,1,16,0,0
experiment_FAMINE_All_Dominant_42,FAMINE,All_Dominant,Dominant,Kai,Poor,1,15,1,0
experiment_FAMINE_All_Dominant_42,FAMINE,All_Dominant,Dominant,Elala,Middle,1,29,0,0
experiment_FAMINE_All_Dominant_42,FAMINE,All_Dominant,Dominant,Jax,Rich,0,50,0,1
experiment_FAMINE_All_Dominant_43,FAMINE,All_Dominant,Dominant,Kai,Poor,1,12,1,0
experiment_FAMINE_All_Dominant_43,FAMINE,All_Dominant,Dominant,Elala,Middle,1,22,0,0
experiment_FAMINE_All_Dominant_43,FAMINE,All_Dominant,Dominant,Jax,Rich,0,50,0,1
experiment_FAMINE_All_Dominant_44,FAMINE,All_Dominant,Dominant,Kai,Poor,1,15,1,0
experiment_FAMINE_All_Dominant_44,FAMINE,All_Dominant,Dominant,Elala,Middle,0,50,0,1
experiment_FAMINE_All_Dominant_44,FAMINE,All_Dominant,Dominant,Jax,Rich,1,21,0,0
experiment_FAMINE_All_Dominant_45,FAMINE,All_Dominant,Dominant,Kai,Poor,1,15,1,0
experiment_FAMINE_All_Dominant_45,FAMINE,All_Dominant,Dominant,Elala,Middle,1,30,0,0
experiment_FAMINE_All_Dominant_45,FAMINE,All_Dominant,Dominant,Jax,Rich,0,50,0,1
experiment_FAMINE_All_Dominant_46,FAMINE,All_Dominant,Dominant,Kai,Poor,1,12,1,0
experiment_FAMINE_All_Dominant_46,FAMINE,All_Dominant,Dominant,Elala,Middle,1,30,0,0
experiment_FAMINE_All_Dominant_46,FAMINE,All_Dominant,Dominant,Jax,Rich,0,50,0,1
experiment_FAMINE_All_Dominant_47,FAMINE,All_Dominant,Dominant,Kai,Poor,1,12,1,0
experiment_FAMINE_All_Dominant_47,FAMINE,All_Dominant,Dominant,Elala,Middle,1,29,0,0
experiment_FAMINE_All_Dominant_47,FAMINE,All_Dominant,Dominant,Jax,Rich,0,50,0,1
experiment_FAMINE_All_Dominant_48,FAMINE,All_Dominant,Dominant,Kai,Poor,1,12,1,0
experiment_FAMINE_All_Dominant_48,FAMINE,All_Dominant,Dominant,Elala,Middle,1,30,0,0
experiment_FAMINE_All_Dominant_48,FAMINE,All_Dominant,Dominant,Jax,Rich,0,50,0,1
experiment_FAMINE_All_Dominant_49,FAMINE,All_Dominant,Dominant,Kai,Poor,1,16,1,0
experiment_FAMINE_All_Dominant_49,FAMINE,All_Dominant,Dominant,Elala,Middle,1,29,0,0
experiment_FAMINE_All_Dominant_49,FAMINE,All_Dominant,Dominant,Jax,Rich,0,50,0,1
experiment_FAMINE_All_Dominant_50,FAMINE,All_Dominant,Dominant,Kai,Poor,1,11,1,0
experiment_FAMINE_All_Dominant_50,FAMINE,All_Dominant,Dominant,Elala,Middle,1,28,0,0
experiment_FAMINE_All_Dominant_50,FAMINE,All_Dominant,Dominant,Jax,Rich,0,50,0,1
